"","x"
"1"," 인터넷 게임을 하다가 우연히 알게 된 여고생에게 노출 사진을 요구하며 지속적인 협박을 일삼은 대 대학생에게 징역형이 선고됐다 에 따르면 청주에 사는 대학생 ㄱ 씨는 지난해 월 중순께 인터넷 게임을 통해 알게 된 여고생 ㄴ 양과 메신저 전화를 통해 연락을 주고받았다 게티이미지뱅크그러던 중 ㄴ양이 장난삼아 자신의 허리와 허벅지가 드러난 사진을 보내오자 ㄱ씨의 태도가 돌변했다 이때부터 ㄱ씨는 노출 수위가 더 높은 사진을 더 보내지 않으면 이전에 보낸 사진을 인터넷에 유포하겠다 며 수차례에 걸쳐 ㄴ양을 협박했다 ㄴ양이 ㄱ씨의 메신저 계정을 차단하고 전화 연락을 받지 않자 그는 다른 계정으로 접속해 협박을 이어갔다 ㄱ씨는 ㄴ양이 자신의 요구를 들어주지 않자 엄포한 대로 ㄴ양의 사진을 인터넷에 유포해 차 피해를 보게 했다 청주지법 형사 단독 류연중 부장판사는 일 이런 혐의 협박 로 기소된 ㄱ씨에게 징역 개월에 집행유예 년을 선고했다고 밝혔다 ㄱ씨에게 시간의 사회봉사도 명령했다 류 부장판사는 미성년자를 협박하고 그의 사진을 인터넷에 게시하는 등 죄질이 매우 나쁘다 고 지적했다 이어 다른 피해자를 상대로 유사한 범행을 저지른 전력이 있어 엄벌이 필요하다 고 덧붙였다 스포츠경향 인기 무료만화 보기 지금 옆사람이 보고있는 뉴스 스포츠경향 무단전재 및 재배포 금지 "
"2"," 헤럴드 대구경북 김성권 기자 본격적인 더위가 시작된다는 소서 小暑 절기인 일 맑고 파란 하늘이 펼쳐진 경북 영주시 소백승마장에서 유소년들이 더위를 피해 승마체험을 하고 있다 사진 김성권 기자 본 기사는 헤럴드경제로부터 제공받은 기사입니다 내삶의모든리뷰 헤럴드 리얼라이프 리얼라이프 카카오플러스 친구맺기 타파스 페이스북 친구맺기 헤럴드경제 무단 전재 및 재배포 금지 "
"3"," 사진제공 대성에너지 헤럴드경제 대구 김병진 기자 대성에너지는 일 대한적십자사 대구지사 별관 층에서 지역 어르신 명을 초청해 사랑의 삼계탕 나눔 봉사활동을 펼쳤다 이날 참여 직원들은 어르신들에게 식사를 대접하는 등 정성을 다해 시중을 들었다 강석기 대성에너지 대표이사는 어르신들이 정성스럽게 준비한 삼계탕을 맛있게 드시고 올 여름을 건강하게 보내셨으면 좋겠다 고 말했다 본 기사는 헤럴드경제로부터 제공받은 기사입니다 내삶의모든리뷰 헤럴드 리얼라이프 리얼라이프 카카오플러스 친구맺기 타파스 페이스북 친구맺기 헤럴드경제 무단 전재 및 재배포 금지 "
"4"," 김혜연 시인 경남문인협회 창원문인협회 이사 씨 별세 일 오후 시 분 창원시립상복공원 장례식장 호 발인 일 오후 시 분 창원 러시아 월드컵의 모든 것 뉴스가 보여요 유튜브 기사제보 및 문의 "
"5"," 노남용 말하자면 그는 범죄계의 슈퍼스타다 거침없는 살인과 강간으로 희대의 살인마 라는 타이틀을 획득했다 그럼에도 막대한 재산과 배경을 가진 부모 덕에 지은 죄에 비해 적은 형벌을 받았고 출소를 앞두고 있다 그런 노남용이 가장 두려워하는 것은 바로 자유를 잃는 것이다 여기 그를 오랫동안 기다려온 사내가 있다 보호를 전문으로 하는 특별한 회사에서 사냥꾼 이라 불리는 이 사내는 긴 시간 준비한 덫으로 그를 자유 없는 교도소로 다시 돌려보낼 생각이다 놈은 충분한 벌을 받지 못했다 고 생각하기 때문이다 사냥꾼이 노남용에게 던지는 이 찰진 대사를 들어보자 남용아 복귀해야지 형벌과 눈물이 있는 테마파크로 너 같은 놈들이 잔뜩 있는데 그놈들마저 너를 경멸하는 곳으로 반시연 지음 인디페이퍼 펴냄그러나 상대는 괴물 같은 살인마 고통을 즐기는 마조히스트에 프로파일러 기질까지 갖추고 있다 악마적이고 천재적이다 그렇기에 놈이 다니는 거리에 놓는 덫은 치밀하면서도 정밀해야 한다 조금의 빈틈도 허용되지 않는다 과연 사냥꾼 이 놓은 덫에 노남용이라는 희대의 살인마는 의심 없이 걸려들까 그리고 독자는 마지막 반전의 덫에서 헤어날 수 있을까 많은 이들이 우리 사회를 두고 여전히 가해자를 제대로 처벌하지 않는 사회 라고 생각한다 범죄에 대해 제대로 책임이 지워지지 않기에 참회는 항상 공염불이고 피해자만 불쌍한 눈물의 땅이 되었다고 말한다 멀리는 월 광주의 가해자가 그랬고 가까이는 아동 성폭행 등 공분을 산 일련의 사건이 그러하다 작가는 스릴러라는 긴장감 넘치는 소설의 틀을 통해 죄 지은 자가 제대로 된 형벌을 받지 않는 이 사회에서 우리는 과연 우리를 지킬 수 있는가 라고 묻는다 형벌이 교정의 전부는 아니지만 적어도 납득할 만한 형벌만이 진정한 사죄의 시작 임을 우리 모두 잘 알고 있지 않은가 하고 최종인 인디페이퍼 대표 싱싱한 뉴스 생생한 분석 시사 시사 구독 시사 무단전재 및 재배포 금지 "
"6"," 시사 조남진헌법재판소 이하 헌재 가 월 일 대체복무제가 없는 병역법에 대해 헌법에 합치하지 않는다는 결정을 내렸다 헌재는 년 월 일까지 병역 종류에 대체복무제가 포함되도록 병역법 규정을 바꾸라고 밝혔다 다만 정당한 사유 없이 입영 등을 거부하면 처벌하도록 한 병역법 조항에 대해서는 합헌 결정을 내렸다 병역거부자 처벌 규정 자체는 합헌이지만 신념이나 종교 등을 이유로 한 양심적 병역거부자는 처벌하지 않는 게 옳다는 뜻을 헌재가 밝힌 셈이다 이날 판결을 지켜보기 위해 헌재를 찾은 양심적 병역거부자들은 서로 어깨를 보듬으며 기뻐했다 년대부터 지금까지 양심적 병역거부로 처벌받은 사람만 만 여 명에 이른다 조남진 기자 싱싱한 뉴스 생생한 분석 시사 시사 구독 시사 무단전재 및 재배포 금지 "
"7"," 앵커 주말인 오늘 서쪽 지방은 덥지만 동쪽 지방은 선선한 날씨를 보이고 있습니다 동풍이 불며 미세먼지 걱정도 없는데요 오늘은 중계차가 더위를 날려줄 물총 축제 현장에 나가 있습니다 현장 연결해보겠습니다 박현실 캐스터 분위기가 한층 달아오르고 있다고요 캐스터 제 뒤로 수많은 인파가 보이시죠 오늘만큼은 신촌 연세로가 도심 속 물놀이장으로 탈바꿈했습니다 이 물총 하나면 이곳에선 모두가 친구가 될 수 있는데요 크게 울려 퍼지는 음악에 맞춰 물총 싸움을 하다 보면 국적과 나이 따위는 문제가 되지 않습니다 올해로 회째를 맞는 신촌물총축제는 입장료 없이 남녀노소 누구나 참여 가능합니다 이번 축제는 신촌을 차지하려는 로봇 군단과 인간의 맞대결이라는 주제로 진행되는데요 워터 슬라이드와 버블 파티 키즈 존 등 다양한 즐길 거리가 많이 마련돼있으니까요 내일까지 열리는 이번 축제 찾으셔서 더위와 스트레스를 모두 날려보시기 바랍니다 내일도 낮 동안 서쪽 지역은 덥지만 동쪽 지방은 선선하겠습니다 서울과 대전 도 광주 도까지 올라 오늘과 비슷하겠고 동해안 지역은 강릉과 울산 도에 머물며 선선하겠습니다 내일도 내륙은 맑겠지만 제주도는 오후부터 장맛비가 시작되겠습니다 다음 주에는 장마전선이 내륙으로 북상하면서 월요일은 전국에 비가 오겠고 중북부 지방은 화요일까지 비가 이어지겠습니다 내륙은 이렇게 맑은 날씨가 이어지고 있지만 동해안은 흐린 가운데 너울성 파도가 높게 일고 있습니다 바닷가로 피서 떠나신 분들은 해안가 안전사고에 각별히 주의하시기 바랍니다 지금까지 박현실입니다 시간 실시간 뉴스 생방송 보기 러시아 월드컵 기사모음 저작권자 무단전재 및 재배포 금지 "
"8"," 서울경제 일요일인 일은 전국에 구름이 많고 제주 지역은 장마전선 영향으로 안팎의 약한 비가 오겠다 일 기상청에 따르면 일 오전 최저 기온은 도 낮 최고기온은 도로 평년 기온보다 낮은 수준이다 지역별로는 서울 최저 온도가 도 최고 온도가 도까지 올라가겠다 그밖에 인천 도 수원 도 춘천 도 강릉 도 청주 도 대전 도 세종 도 전주 도 광주 도 대구 도 부산 도 울산 도 창원 도 제주 도 등이다 또한 전날인 토요일에 이어 전국 모든 지역에서 미세먼지 농도는 좋음 수준 을 보일 것으로 전망했다 다만 바람이 강하게 불어 물결이 매우 높게 일 것으로 보인다 바다의 물결은 동해 앞바다와 먼바다에서 와 남해 앞바다와 먼바다에서 와 로 높게 일겠다 서해 앞바다와 먼바다의 파고는 와 로 예상된다 정가람기자 서울경제 바로가기 이제 주식시세도 서울경제에서 확인하세요 바로가기 블록체인의 모든 것 서울경제 바로가기 저작권자 서울경제 무단 전재 및 재배포 금지 "
"9"," 일간스포츠 권지예 식품의약품안전처가 해외에서 발암 가능물질을 함유해 회수됐던 원료를 국내에서 허가받아 만들어진 개사 개 품목의 고혈압 치료제를 잠정 판매 중지와 제조 수입 중지했다고 일 밝혔다 앞서 유럽의약품안전청 이 고혈압 치료제에 쓰이는 원료의약품 중 중국산 발사르탄 에서 불순물로 니트로소디메틸아민 을 확인함에 따라 식약처가 조치에 나선 것이다 는 세계보건기구 제암연구소 가 인간에게 발암물질로 작용할 가능성 있는 물질 로 분류한 물질이다 식약처는 또 중국에서 제조한 해당 원료를 잠정 수입중지 및 판매중지 조치했다 최근 년간 국내 전체 발사르탄 의 총 제조 수입량은 만 제조 만 천 수입 만 천 이다 이 중에서 수입 및 판매 중지된 해당 중국 제조사의 발사르탄 은 같은 기간 전체 제조 수입량의 만 에 해당한다 식약처는 문제의 불순물 발생 원인과 발생 시기 등을 조사하고 있다 결과에 따라 회수 폐기 등 필요한 조치를 취할 예정이다 권지예 기자 일간스포츠 페이스북 트위터 웨이보 일간스포츠 무단 전재 및 재배포 금지 "
"10"," 지난 월 일 서울 국회 인근에서 한국의료용대마합법화운동본부 관계자가 의료용 대마 합법화를 촉구하며 생존이 불법입니다 고 적힌 손팻말을 들고 있다 서울경제 오는 월부터 희귀 난치질환자들이 자가치료용으로 마약이나 향정신성의약품을 수입할 수 있게 됐다 지금까지는 현행법상 자가치료를 위한 의료용 마약 또는 향정신성의약품은 환자 자신이 직접 휴대해서 입국하는 경우를 제외하고 수입은 허용되지 않았다 일 식품의약품안전처는 이와 같은 내용을 골자로 한 마약류 관리에 관한 법률 시행규칙 일부 개정안을 입법예고하고 월 일까지 의견수렴을 받고서 공포 후 시행한다고 밝혔다 이후 식약처는 법제처 심사 등 절차를 거쳐야 하기 때문에 이르면 월부터 시행할 수 있을 것이라고 전했다 개정안을 살펴보면 희귀 난치질환을 앓는 소수의 환자는 국내 대체 치료수단이 없으면 자가치료를 목적으로 한국 희귀 필수의약품센터를 통해 마약 또는 향정신성의약품을 수입할 수 있다 또한 환자가 자가치료 목적의 마약 또는 향정신성의약품을 휴대하고 출입국 하는 경우 필요한 구비서류를 재조정해 절차가 간소화될 것으로 보인다 특히 마약류 반출승인서를 발행하지 않는 국가 등 환자가 서류를 구비하기 어려운 상황을 고려해 해당 질환 전문의가 발행한 진단서 의약품명 회 투약량 일 투여횟수 총 투약일수 용법 등 명시된 것 가 있으면 출 입국 할 수 있다 정가람기자 서울경제 바로가기 이제 주식시세도 서울경제에서 확인하세요 바로가기 블록체인의 모든 것 서울경제 바로가기 저작권자 서울경제 무단 전재 및 재배포 금지 "
"11"," 오늘은 본격적인 여름 더위의 시작을 알리는 절기 소서인데요 서쪽 지방은 이맘때 수준의 다소 더운 날씨가 이어지고 있지만 동풍이 부는 동쪽 지방은 무척 선선합니다 서늘하고 깨끗한 동풍이 불어 들면서 심한 더위도 없고 공기도 깨끗해서 나들이 즐기기 더없이 좋은데요 현재 내륙 지방은 대체로 맑은 하늘 펼쳐져 있습니다 다만 동풍의 영향으로 동해안과 제주도를 중심으로는 오후까지 비가 오락가락하겠고요 바람도 강하게 불겠습니다 휴일인 내일은 오늘과 다르게 오후 들면서 하늘이 점차 흐려지겠고요 장마전선이 차차 북상함에 따라제주도에는 오후부터 장맛비가 내리겠습니다 내일도 서쪽은 다소 덥겠지만 동쪽은 비교적 선선하겠습니다 낮 기온 서울 도 청주도 도 광주는 도까지 오르겠고 강릉은 도에 머물겠습니다 다음 주 월요일에는 영남 지방을 제외한 전국에 장맛비가 내리겠습니다 지금까지 날씨정보였습니다 시간 실시간 뉴스 생방송 보기 러시아 월드컵 기사모음 저작권자 무단전재 및 재배포 금지 "
"12"," 노웅래 의원 공연예술통합전산망 활성화를 위한 공연법 개정안 발의 아시아경제 이종길 기자 공연 시장의 흥행 성적표 공개를 의무화하는 법안이 발의됐다 예술경영지원센터는 일 더불어민주당 노웅래 의원이 공연예술통합전산망 활성화를 위한 공연법 개정안 을 대표 발의했다고 전했다 공연장 운영자 공연 기획 제작자 입장권 판매자가 특정 공연의 관람객 수와 입장권 판매액을 공연예술 통합전산망 에 공개하는 것을 의무화하는 내용이다 이행하지 않을 경우 만원 이하의 과태료를 부과하게 된다 애초 만원 이하로 논의됐으나 지난 월 관련 공청회에서 나온 공연업계의 의견을 반영해 하향 조정했다 그동안 공연계에는 년 구축한 공연예술 통합전산망이 시장 전체를 반영하지 못한다는 지적이 잇따랐다 정보 제공 주체인 기획 제작사 측이 자료 공개 여부를 자율적으로 선택할 수 있어 자료 수집에 한계가 있다는 주장이다 예술경영지원센터는 전산망을 통한 데이터 수집 비율은 전체 시장의 에 불과했다 며 전산망이 활성화된다면 공연 시장의 신뢰도 투명성 제고 및 향후 공연 시장 발전을 위한 정책과 마케팅 전략 수립에 기여할 수 있다 고 했다 이종길 기자 네이버 채널 설정하고 룰렛 당첨 확인 양낙규의 군사이야기 재미와 신기 과학을읽다 "
"13"," 서울 일 서울 가톨릭대에서 열린 국제심포지엄에서 참석자들이 기념촬영하고 있다 왼쪽부터 교황청 외무부 한국 담당 로베르토 루키니 몬시뇰 교황대사관 참사관 마르코 스프리치 몬시뇰 주한 교황대사 알프레드 수에레브 몬시뇰 교황청 외무장관 폴 갤러거 대주교 천주교 서울대교구장 염수정 추기경 한국천주교주교회의 의장 김희중 대주교 한홍순 전 주교황청 대사 가톨릭대학교 총장 원종철 신부 가톨릭대학교 제공 러시아 월드컵의 모든 것 뉴스가 보여요 유튜브 기사제보 및 문의 "
"14"," 지난 월 일 스위스 여성참정권 운동을 다룬 영화 거룩한 분노 감독 페트라 볼프 가 개봉됐다 스위스는 유럽에서 가장 늦게 여성의 참정권을 인정한 나라다 년에야 비로소 스위스 여성은 남성과 동등하게 투표권을 행사할 수 있었다 거룩한 분노 는 년 스위스의 보수적인 작은 마을에서 참정권을 얻기 위해 여성들이 파업에 나서는 이야기를 그린 작품이다 우리가 원하는 건 나답게 사는 것뿐 이라며 진실된 모습을 위해 비로소 용기를 낸 그들의 찬란한 이야기가 전개된다 박자영 인턴기자 "
"15"," 신카이 마코토展 포스터 아시아경제 이종길 기자 영화 너의 이름은 을 연출한 신카이 마코토 감독의 전시가 오는 일부터 월 일까지 예술의전달 한가람미술관에서 열린다 데뷔 주년을 맞아 마련된 월드투어 전시다 데뷔작인 별의 목소리 부터 구름의 저편 약속의 장소 초속 센티미터 별을 쫓는 아이 언어의 정원 너의 이름은 등 신카이 감독의 다양한 작품 세계를 만날 수 있다 각 작품들의 원화를 비롯해 설정 자료 애니메이션 콘티 작화 컬러도감 배경 아트웍 등이다 함께 작업한 작화 감독 안도 마사시 캐릭터 디자이너 타나카 마사요시 등의 섬세한 감성도 엿볼 수 있다 전시를 기획한 웨이즈비의 임헌란 이사는 도 와이드 스크린 프로젝터 매핑 등으로 초속 센티미터 속 벚꽃나무 언어의 정원 속 비 오는 정원 너의 이름은 속 도쿄와 히다 하늘 등을 그대로 재현할 예정 이라고 했다 일본 시즈오카와 도쿄 오사카 중국 상하이 등에서 큰 인기를 모은 스케치 존 도 보다 넓은 규모로 준비하고 있다 고 했다 티켓 가격은 성인이 만 원 청소년이 만 원 어린이가 원이다 이종길 기자 네이버 채널 설정하고 룰렛 당첨 확인 양낙규의 군사이야기 재미와 신기 과학을읽다 "
"16"," 서울 영등포구 여의도 한강공원 물빛광장에서 학생들이 물놀이를 하는 모습 사진 뉴시스 이영환 기자 절기 중 열한 번째 절기인 소서 小暑 는 작은 더위 라는 뜻이 있어 본격적인 여름의 시작을 알린다 소서인 오늘 일 은 다른 절기와 달리 평년보다는 덜 무더운 날씨와 미세먼지 없는 깨끗한 하늘을 보이고 있다 이날 기상청에 따르면 소서인 오늘 전국은 동해 북부해상 고기압의 가장자리에 들어 가끔 구름이 많다 북동쪽에서 찬 공기가 유입되면서 기온분포는 평년보다 조금 낮게 나타난다 이날 낮 최고기온은 서울 도 대전 도 대구 도 전주 도 광주 도 부산 도 춘천 도 강릉 도 제주 도 울릉도 독도 도 등이다 미세먼지는 좋음 으로 나타나 하늘은 맑고 푸르지만 자외선 지수는 전 권역에서 오후 나쁨 을 보여 선글라스 착용과 자외선 차단제를 바르는 대비가 필요하다 김창성 기자 머니 페이스북 최신 웹툰이 매일 공짜 "
"17"," 서울 교황청 외무장관 폴 갤러거 대주교가 일 서울 반포동 가톨릭대에서 열린 국제심포지엄에서 강연하고 있다 가톨릭대학교 제공 러시아 월드컵의 모든 것 뉴스가 보여요 유튜브 기사제보 및 문의 "
"18"," 서울 최재구 기자 일 서울 광화문 세종로공원에서 외교부와 국민외교센터 주최로 열린 국민외교 자유발언대 에서 한 시민이 발언하고 있다 외교부는 이번 행사가 국민의 의견을 직접 청취하고 정책에 반영하기 위한 광장형 대국민 소통 이벤트라고 설명했다 러시아 월드컵의 모든 것 뉴스가 보여요 유튜브 기사제보 및 문의 "
"19"," 서울 최재구 기자 일 서울 광화문 세종로공원에서 외교부와 국민외교센터 주최로 열린 국민외교 자유발언대 에서 한 시민이 발언하고 있다 외교부는 이번 행사가 국민의 의견을 직접 청취하고 정책에 반영하기 위한 광장형 대국민 소통 이벤트라고 설명했다 러시아 월드컵의 모든 것 뉴스가 보여요 유튜브 기사제보 및 문의 "
"20"," 서울 최재구 기자 일 서울 광화문 세종로공원에서 외교부와 국민외교센터 주최로 열린 국민외교 자유발언대 에서 한 시민이 발언하고 있다 외교부는 이번 행사가 국민의 의견을 직접 청취하고 정책에 반영하기 위한 광장형 대국민 소통 이벤트라고 설명했다 러시아 월드컵의 모든 것 뉴스가 보여요 유튜브 기사제보 및 문의 "
"21"," 서울 최재구 기자 일 서울 광화문 세종로공원에서 외교부와 국민외교센터 주최로 열린 국민외교 자유발언대 에서 한 시민이 발언하고 있다 외교부는 이번 행사가 국민의 의견을 직접 청취하고 정책에 반영하기 위한 광장형 대국민 소통 이벤트라고 설명했다 러시아 월드컵의 모든 것 뉴스가 보여요 유튜브 기사제보 및 문의 "
"22"," 서울 최재구 기자 맑은 하늘이 드러나며 강한 햇볕이 도심을 달군 일 서울 광화문 주한미국대사관을 경비하는 경찰들이 햇볕을 피하기 위해 우산을 쓰고 경계근무를 서고 있다 러시아 월드컵의 모든 것 뉴스가 보여요 유튜브 기사제보 및 문의 "
"23"," 서울 최재구 기자 맑은 하늘이 드러나며 강한 햇볕이 도심을 달군 일 서울 광화문 주한미국대사관을 경비하는 경찰들이 햇볕을 피하기 위해 우산을 쓰고 경계근무를 서고 있다 러시아 월드컵의 모든 것 뉴스가 보여요 유튜브 기사제보 및 문의 "
"24"," 서울 최재구 기자 맑은 하늘이 드러나며 강한 햇볕이 도심을 달군 일 서울 광화문 주한미국대사관을 경비하는 경찰들이 햇볕을 피하기 위해 우산을 쓰고 경계근무를 서고 있다 러시아 월드컵의 모든 것 뉴스가 보여요 유튜브 기사제보 및 문의 "
"25"," 서울 최재구 기자 본격적인 더위가 시작된다는 소서 小暑 인 일 서울 광화문 광장을 부모와 함께 나들이 온 어린이들이 광장 분수대에서 물놀이를 즐기고 있다 러시아 월드컵의 모든 것 뉴스가 보여요 유튜브 기사제보 및 문의 "
"26"," 로봇과 물총 싸움을 제 회 신촌 물총축제 앵커 더위가 기승일 때는 물놀이 만한 것도 없죠 신촌에서는 올해 회째를 맞이한 물총축제가 한창인데요 현장에 나가있는 뉴스 캐스터 연결해보겠습니다 유해인 캐스터 캐스터 저는 지금 신촌 연세로에 나와 있습니다 오늘은 모르는 사람에게 마음껏 쏴도 괜찮은 날입니다 저도 이렇게 총을 들고 있으니까 많은 분들이 물을 쏘시는데 반격을 못하는 게 아쉬울 따름입니다 오늘 물총과 함께할 수 있는 다양한 이벤트까지 가득 준비돼 있습니다 가장 먼저 눈길을 사로잡는 건 역시 메인 이벤트인 물총대전입니다 로봇 모양으로 만들어진 주 무대를 중심으로 시민들은 로봇으로부터 신촌 영토를 지키기 위해 아주 치열한 물총싸움을 벌이는데요 이 과정에서 플라잉 퍼포먼스와 기계군단 퍼포먼스가 펼쳐집니다 또 워터케논과 워터커튼 워터레이저 등으로 시원한 물바람 맞을 준비하셔야겠고요 저녁까지 이어지는 축제에 들이 함께해 지루할 틈 없이 신나는 음악과 함께 물총놀이를 즐기실 수 있습니다 특히 올해는 에어바운스 워터슬라이드 등으로 꾸며진 키즈존에서 아이들도 더 즐겁게 축제에 참여할 수 있습니다 축제는 내일까지 이어집니다 입장제한 없이 누구나 무료로 참여가 가능하지만 탈의실과 물품보관소 이용은 따로 이용권을 예매해야 하니까 참고하시기 바랍니다 여름에는 역시 물총축제죠 이 추억도 되새기고 시원함까지 빵야빵야 날려버리시기를 바랍니다 지금까지 신촌 연세로에서 유해인입니다 기사문의 및 제보 카톡 라인 네이버 채널 구독 생방송 시청 대한민국 뉴스의 시작 앱 다운받기"
"27"," 서울 최재구 기자 본격적인 더위가 시작된다는 소서 小暑 인 일 서울 광화문 광장을 부모와 함께 나들이 온 광장 분수대에서 물놀이를 즐기고 있다 러시아 월드컵의 모든 것 뉴스가 보여요 유튜브 기사제보 및 문의 "
"28"," 서울 최재구 기자 맑은 하늘이 드러나며 강한 햇볕이 도심을 달군 일 서울 광화문 광장을 부모와 함께 찾은 어린이들이 광장 분수대에서 물놀이를 즐기고 있다 러시아 월드컵의 모든 것 뉴스가 보여요 유튜브 기사제보 및 문의 "
"29"," 전남 신안에서 항만에 접안하던 여객선이 선착장에 부딪혀 승객 수십 명이 중경상을 입는 사고가 발생했다 에 따르면 일 오전 시쯤 전남 신안 팔금도 고산 선착장에 입항하던 급 여객선 ㄱ호가 선착장 부두 시설과 충돌했다 여객선 위 사진은 기사 내용과 직접적인 관련이 없음 게티이미지 코리아사고 충격으로 ㄱ호에 탄 채 하선 대기 중이던 승객 명이 배 안에서 넘어지면서 크고 작은 상처를 입었다 신고를 받고 출동한 해경은 부상자 중 경상자 명을 팔금도로 옮겨 치료하고 나머지 부상자 명을 목포와 광주로 이송했다 ㄱ호는 승객과 선원 등 명과 차량 대를 싣고 이날 오전 시 분쯤 송공항을 출발해 고산 선착장에 도착했다 사고는 부두 접안과정에서 ㄱ호 램프와 부두 선착장 설비가 충돌하면서 사고가 발생한 것으로 알려졌다 해경은 정확한 사고원인을 조사 중이다 스포츠경향 인기 무료만화 보기 지금 옆사람이 보고있는 뉴스 스포츠경향 무단전재 및 재배포 금지 "
"30"," 날씨 절기 소서 공기 깨끗 내일 제주 장맛비 앵커 주말인 오늘 하늘도 맑고 또 미세먼지도 없는 쾌적한 날씨를 보이고 있습니다 자세한 날씨는 기상캐스터 연결해서 알아보겠습니다 김지은 캐스터 캐스터 네 여의도 물빛광장에 나와 있습니다 벌써 절기는 본격 더위를 알리는 소서에 들어섰지만 선선한 바람이 어찌나 쾌적한지 봄이나 가을을 더 연상케하죠 오늘 맑은 하늘에 볕은 좀 뜨겁지만 습도가 낮아서 그리고 선선한 바람이 불어져서 활동하기는 더없이 좋은 날씨를 보이고 있습니다 깨끗하고 선선한 동풍이 불어줘서 그렇습니다 지금 동풍이 산맥을 넘으면서 습기를 떨어뜨리고 또 건조한 상태로 들어오고 있습니다 다만 동풍을 정통으로 맞는 동쪽지방은 대부분 도 안팎까지 떨어져서 좀 서늘할 정도고요 하늘에 구름이 많은 가운데 비도 오락가락하고 있습니다 또 동해상에서는 거센 물결이 일고 있고 동해안에서는 너울성 파도도 밀려와서 안전사고에는 유의하셔야겠습니다 반면 서쪽 지방은 구름 한 점 없는 아주 맑은 하늘에 기온도 크게 올라 있습니다 현재 시각 서울이 도 전주 도로 대부분 도 안팎까지 오르겠습니다 습도도 낮아서 큰 더위는 없지만 볕이 뜨거워서 강한 자외선은 조심해야겠습니다 일요일 내일은 오늘과 다르게 흐려지겠고 장마전선이 북상하겠습니다 오후부터 제주도에 장맛비가 내리겠고 월요일에는 영남을 제외한 전국에 비가 내리겠습니다 한편 태풍 마리아는 현재 매우 강한 중형급으로 오키나와 동남쪽 부근해상에 있습니다 다음 주 중반에 중국 남단에 상륙할 전망인데 아직 진로는 유동적이어서 상황은 더 지켜봐야겠습니다 지금까지 여의도 물빛광장에서 전해 드렸습니다 김지은 기상캐스터 기사문의 및 제보 카톡 라인 네이버 채널 구독 생방송 시청 대한민국 뉴스의 시작 앱 다운받기"
"31"," 강릉시 옥계면 현내리 고욤나무 아시아경제 이종길 기자 강원도 강릉시 옥계면 현내리를 년간 지켜온 고욤나무가 일 천연기념물로 지정 예고됐다 높이 가슴높이 둘레 지표 부분 둘레 의 노거수다 주위에는 토지와 마을을 수호화는 서낭신을 모신 서낭당이 있다 이곳 마을 주민들은 고욤나무를 서낭당 신목 神木 으로 여겨 정월대보름과 음력 동지에 안녕을 기원하는 서낭제를 지낸다 감나무과 낙엽 활엽수인 고욤나무는 감나무를 접붙일 때 사용하는 대목 臺木 이다 감이 제사상에 올리는 전통 과실이어서 고욤나무도 중요하게 인식됐다 문화재청은 규모 면에서 희귀하고 고유한 형태를 잘 유지하고 있어서 학술 가치가 높을 뿐만 아니라 민속적 역사적 가치도 있다 주변에 높은 건물이나 조형물이 없어 경관 측면에서도 중요하다 고 설명했다 예고 기간 일 동안 각계 의견을 수렴한 뒤 문화재위원회 심의를 거쳐 천연기념물 지정 여부를 결정할 방침이다 앞서 천연기념물로 지정된 충북 보은 용곡리의 고욤나무 제 호 도 수령은 년으로 추정된다 높이도 로 비슷하다 이종길 기자 네이버 채널 설정하고 룰렛 당첨 확인 양낙규의 군사이야기 재미와 신기 과학을읽다 "
"32"," 일 오전 시 분쯤 전북 김제시 만경면 몽산리에 있는 두부 생산공장에서 불이 나 억 만원 소방서 추정 의 재산 피해를 내고 여 분 만에 진화됐다 에 따르면 공장 인근에 사는 주민이 연기와 불꽃이 나는 것을 보고 에 신고했다 공장 절반가량 과 기계 설비 등이 탔으나 다행히 인명피해는 없었다 공장 화재 위 사진은 기사 내용과 직접적인 관련이 없음 게티이미지 코리아경찰은 전기설비에 이상이 생겨 불이 난 것이 아닌가 보고 정확한 화재 원인을 조사하고 있다 스포츠경향 인기 무료만화 보기 지금 옆사람이 보고있는 뉴스 스포츠경향 무단전재 및 재배포 금지 "
"33"," 사진 헤럴드경제 스타 컬처팀 최민호 기자 러시아와 크로아티아가 강전 길목에서 만난다 러시아와 크로아티아는 일 오전 시 한국시간 러시아 피시트 스타디움에서 러시아 월드컵 강전 경기를 치른다 역대전적으로 보면 크로아티아가 조금 앞서 있다 크로아티아는 지금껏 러시아를 만나 승 무 패를 기록했다 하지만 홈그라운드의 이점을 만끽하고 있는 개최국 러시아의 기세가 만만치 않다 개막전에서 사우디아라비아에 대 대승을 거둔 이후 승승장구 중이다 조별예선 차전에서 우루과이에 완패하긴 했으나 강 진출에는 성공했다 강에서는 강력한 우승 후보였던 스페인까지 꺾었다 이에 러시아가 홈 팬들의 응원 속에 강 진출까지 성공할지 관심이 모아지고 있다 한일 월드컵에서도 대한민국 대표팀은 국민들의 열광적인 응원을 받으며 강 신화를 이루어냈다 년 독일 월드컵에서는 개최국 독일이 위를 차지했다 다만 년 남아공 월드컵에서는 개최국 남아프리카공화국이 조별예선에서 탈락했다 년 브라질 월드컵에서 브라질 역시 강까지 올라가 위로 월드컵을 마무리했다 이에 과연 러시아가 크로아티아를 꺾고 강 신화를 쓸 수 있을지 축구 팬들의 관심이 모아진다 내삶의모든리뷰 헤럴드 리얼라이프 리얼라이프 카카오플러스 친구맺기 타파스 페이스북 친구맺기 헤럴드경제 무단 전재 및 재배포 금지 "
"34"," 사진 헤럴드경제 스타 컬처팀 최민호 기자 월드컵 강 진출국이 가려지고 있다 월드컵 강 진출국 윤곽이 드러나고 있다 일 오후 시 이하 한국시간 열린 러시아 월드컵 강전 첫 경기에서 프랑스는 우루과이를 꺾고 강전에 올랐다 일 오전 시 열린 두 번째 경기에서는 벨기에가 전통의 강호 브라질에 대 승리를 거두며 강행 티켓을 획득했다 이어 일 오후 시 스웨덴과 잉글랜드가 맞붙는다 러시아와 크로아티아는 일 오전 시 이번 월드컵 강전 마지막 경기에 임한다 팀 중 이번 월드컵 준결승전 무대를 밟을 수 있는 건 팀뿐이다 특히 이번 러시아 월드컵 강전은 강력한 우승후보들이 일찍이 짐을 싸며 익숙한 이름들이 보이지 않아 축구 팬들의 이목이 집중된다 디펜딩 챔피언 독일은 조별예선에서 탈락해 일찌감치 이번 월드컵 일정을 마무리했다 스페인 아르헨티나 포르투갈도 강 무대를 끝으로 퇴장했다 월드컵 역대 최다 우승국 회 이라는 타이틀을 자랑하는 브라질도 강에서 탈락했다 현재 강에 올라온 팀 중 월드컵 우승컵을 들어 올린 적이 있는 팀은 프랑스뿐이다 프랑스 월드컵 우승 준결승전 티켓을 두고 강전을 치를 팀들 중에서도 잉글랜드만이 영국 월드컵에서 우승한 이력이 있다 과연 어떤 팀들이 강에서 맞붙고 또 결승을 치르게 될지 관심이 모아진다 내삶의모든리뷰 헤럴드 리얼라이프 리얼라이프 카카오플러스 친구맺기 타파스 페이스북 친구맺기 헤럴드경제 무단 전재 및 재배포 금지 "
"35"," 수상스포츠와 다양한 체험행사 제 회 아라마린 페스티벌 앵커 여름에 또 수상스포츠 즐기는 분들도 많이 계시죠 김포 아라뱃길에서는 수상스포츠를 직접 체험할 수 있는 행사가 진행되고 있습니다 현장에 나가 있는 뉴스캐스터 연결해 보겠습니다 신세미 캐스터 케스터 저는 지금 김포 아라마리나에 나와 있습니다 여름하면 수상스포츠를 빼놓을 수가 없죠 제가 나와 있는 이곳에서는 아라마린 페스티벌이 열리고 있는데요 이곳에 참가한 참가 선수분들과 이야기 한번 나누어보도록 하겠습니다 안녕하세요 오늘 어떻게 참여하게 되셨나요 오늘 결과가 이미 나와 있는 것으로 알고 있는데요 어떻게 되셨나요 친구분은 어떻게 되셨나요 위와 위가 이렇게 모여 있는데요 가 좀 생소한 분들이 있으실 것 같아서요 좀 설명 부탁드립니다 여기 아라뱃길에서 를 즐겨보셨는데요 어떠셨나요 올해로 회째를 맞은 아라마린 페스티벌에서는 수상레저 대회와 다양한 수변 프로그램을 즐길 수 있습니다 아라뱃길에서는 카약과 요트 페들보드 이렇게 종류의 수상대회가 열리고 있습니다 힘차게 물살을 가르는 요트를 바라만 봐도 더위가 싹 날아가는 느낌입니다 시민들을 위해 마련된 체험장에서는 카약과 수상자전거 범퍼보트 등을 무료로 즐길 수 있습니다 이밖에도 수변 문화광장에는 먹거리와 즐길거리도 다양한데요 수상스포츠를 즐긴 뒤 허기진 배를 책임질 푸드트럭과 우리 귀를 즐겁게 해 줄 음악콘서트도 준비돼 있습니다 또 지역민들이 준비한 로컬오픈마켓과 자선바자회도 열린다고 합니다 이번 축제는 내일까지 이어집니다 주말에 가족과 또는 친구와 이곳에서 즐거운 시간 보내보시기 바랍니다 지금까지 김포 아라마리나에서 신세미입니다 기사문의 및 제보 카톡 라인 네이버 채널 구독 생방송 시청 대한민국 뉴스의 시작 앱 다운받기"
"36"," 일 오전 시 분쯤 전북 군산시 미장동 아파트에서 원인이 밝혀지지 않은 불이 났다 에 따르면 이 불로 층에 사는 주민 명이 옥상으로 대피해 인명 피해는 발생하지 않았다 군산 미장동 아파트 불 독자제공 불이 나자 소방당국은 소방차 여대와 여명 소방대원을 투입해 분에 진화했다 경찰과 소방당국은 정확한 화재 원인과 재산 피해 등을 조사 중이다 스포츠경향 인기 무료만화 보기 지금 옆사람이 보고있는 뉴스 스포츠경향 무단전재 및 재배포 금지 "
"37"," 일 나혼자산다 게스트로 출연한 마마무의 화사가 홀로 식당을 찾아 곱창 먹방 을 즐기는 모습 방송캡처 헤럴드경제 이슈섹션 그룹 마마무의 화사가 곱창을 맛있게 먹는 모습이 방송을 통해 전해지면서 유명 곱창 맛집은 평소보다 더 긴 줄을 서서 기다리는 수고로움은 물론 일부 업장에서는 곱창 품절 사태로 군침이 아닌 눈물을 삼키며 돌아서야 했다는 전언이 들린다 고소한 곱창의 맛을 즐겨 먹는 일반인들과 달리 의사들은 피해야 할 음식으로 꼽았다 헬스조선이 의사 약사 영양학자 명을 대상으로 자신의 건강을 위해 되도록 피하는 음식 을 조사했다 이중 곱창과 막창이 위를 차지했다 가장 피하는 음식 위에는 탄산음료 위는 햄 소시지 등 육가공 식품을 꼽았다 곱창 종류를 피하는 이유로는 조리 과정에서 있을지 모르는 오염 등 위생 상태 를 가장 많이 꼽았다 이밖에 동물의 배설물이 담긴 부위이므로 위생적 문제 건강에 좋지 않은 동물성 포화지방이 많은 부위 구울 때 다이옥신 등 발암 물질발생 높은 지방 함량으로 고콜레스테롤혈증 유발 등을 원인으로 지적됐다 내삶의모든리뷰 헤럴드 리얼라이프 리얼라이프 카카오플러스 친구맺기 타파스 페이스북 친구맺기 헤럴드경제 무단 전재 및 재배포 금지 "
"38"," 경기 시흥 배곧신도시의 한 노래방에서 아이가 룸에서 소변 본 것을 나무란다는 이유로 업주를 폭행하고 기물을 파손한 대가 검찰에 넘겨졌다 경기 시흥경찰서는 월 일 상해 등 혐의로 ㄱ씨 에 대해 기소의견을 달아 검찰에 송치했다고 일 밝혔다 위 사진은 기사 내용과 직접적인 관련이 없음 게티이미지 에 따르면 ㄱ씨는 월 일 시흥시 정왕동의 한 노래방에서 업주 ㄴ 씨를 수차례 폭행하고 노트북과 쓰레기통 등 집기를 부순 혐의를 받고 있다 사건은 ㄱ씨가 소변이 마렵다는 살 아이를 노래방 룸 안에서 용변을 보게 하면서 시작됐다 카운터에 설치된 폐쇄회로화면 으로 이를 확인한 ㄴ씨가 찾아와 항의하자 ㄱ씨는 뭘 그렇게까지 화를 내느냐 라며 말다툼을 벌였고 급기야 폭행으로 이어진 것으로 조사됐다 ㄱ씨는 경찰 조사에서 ㄴ씨와 같은 아파트에 살아 안면이 있는 사이였다 라며 이웃 간에 그 정도는 이해해줄 줄 알았는데 ㄴ씨가 항의해 화가 나서 그랬다 라고 진술했다 한편 이 사건은 월 일 한 인터넷 커뮤니티에 신도시 오줌사건을 제가 겪었습니다 라는 글이 올라오면서 많은 누리꾼의 공분을 샀다 자신을 노래방 업주의 아내로 소개한 글쓴이는 남편이 ㄱ씨에게 용변은 화장실에 가서 처리해야 한다 라고 말했지만 ㄱ씨는 기분이 나쁘다며 욕설을 퍼부었다 라며 아이 엄마는 상황을 보더니 말리기는커녕 별것 아닌 일로 왜 자기 남편한테 이야기해서 화나게 하느냐 아이들이 소변 좀 눌 수도 있지 라며 되려 따졌다 라고 주장했다 스포츠경향 인기 무료만화 보기 지금 옆사람이 보고있는 뉴스 스포츠경향 무단전재 및 재배포 금지 "
"39"," 스포츠서울 김종철기자 전세계로부터 품질과 안전성을 인정받은 수입매트리스 브랜드로는 씰리템퍼매트리스 가 대표적이다 사용하는 사람의 체형에 따라 자연스럽게 변화하는 신소재 뛰어난 통기성과 지지력 등이 씰리템퍼매트리스의 경쟁력이라고 할 수 있다 특히 수면의 질을 중요시 여기는 현대인들이 늘어나면서 씰리템퍼매트리스의 인기 또한 높아지고 있는 상황이다 이에 씰리템퍼매트리스를 저렴하게 구입할 수 있는 창고형 할인매장에 대한 관심도 증가하는 추세다 수원동탄가구단지와 천안아산가구단지 하남본점을 운영 중인 오렌지 매트리스는 씰리템퍼매트리스를 시중가보다 가량 저렴하게 구입할 수 있는 창고형할인매장이다 이는 직수입 및 고객 직거래 로드샵보다 저렴한 매장 운영비용 덕분에 가능했다 오렌지 매트리스는 평에 이르는 넓은 매장에서 씰리템퍼매트리스와 스턴스앤포스터 아메리칸스타 브로힐까지 여종의 다양한 수입매트리스를 보유하고 있다 고객들은 넓은 매장을 둘러보며 매트리스 위에 직접 누워본 뒤 마음에 드는 매트리스를 구매할 수 있다 게다가 오렌지 매트리스는 최근 라돈 매트리스 이슈로 인해 피해를 입은 고객들을 위로하고자 할인 이벤트를 준비했다 라돈 매트리스 인증 사진을 제시하면 대체 매트리스를 구매할 때 할인을 받을 수 있다 앞서 오렌지 매트리스는 전 제품에 대한 라돈 자체 테스트를 실시 제로에 가까운 측정치를 공개해 화제를 모으기도 했다 또한 신혼부부들이 청첩장을 지참하고 방문 시 추가 할인 아파트 입주 후 아파트카페에 리뷰를 작성한 경우 추가 할인을 받을 수 있어 경제적이다 정규직 배송 전문 직원이 오렌지 매트리스 제품을 친절하게 배송해주며 기존 매트리스는 직접 옮겨준다 서울과 수도권은 무료배송도 실시하고 있다 스포츠서울 공식 페이스북 팟캐스트 스포츠서울 야구 파일 스포츠서울 공식 유튜브 채널 기사제보 스포츠서울 "
"40"," 서울 류효림 기자 일 오후 서울 서대문구 신촌 연세로에서 열린 제 회 신촌물총축제에서 참가자들이 축제를 즐기고 있다 러시아 월드컵의 모든 것 뉴스가 보여요 유튜브 기사제보 및 문의 "
"41"," 서울 류효림 기자 일 오후 서울 서대문구 신촌 연세로에서 열린 제 회 신촌물총축제에서 참가자들이 축제를 즐기고 있다 러시아 월드컵의 모든 것 뉴스가 보여요 유튜브 기사제보 및 문의 "
"42"," 서울 류효림 기자 일 오후 서울 서대문구 신촌 연세로에서 열린 제 회 신촌물총축제에서 참가자들이 축제를 즐기고 있다 러시아 월드컵의 모든 것 뉴스가 보여요 유튜브 기사제보 및 문의 "
"43"," 서울 류효림 기자 일 오후 서울 서대문구 신촌 연세로에서 열린 제 회 신촌물총축제에서 한 참가자가 축제를 즐기고 있다 러시아 월드컵의 모든 것 뉴스가 보여요 유튜브 기사제보 및 문의 "
"44"," 서울 류효림 기자 일 오후 서울 서대문구 신촌 연세로에서 열린 제 회 신촌물총축제에서 참가자들이 축제를 즐기고 있다 러시아 월드컵의 모든 것 뉴스가 보여요 유튜브 기사제보 및 문의 "
"45"," 서울 류효림 기자 일 오후 서울 서대문구 신촌 연세로에서 열린 제 회 신촌물총축제에서 참가자들이 축제를 즐기고 있다 러시아 월드컵의 모든 것 뉴스가 보여요 유튜브 기사제보 및 문의 "
"46"," 서울 류효림 기자 일 오후 서울 서대문구 신촌 연세로에서 열린 제 회 신촌물총축제에서 참가한 어린이가 축제를 즐기고 있다 러시아 월드컵의 모든 것 뉴스가 보여요 유튜브 기사제보 및 문의 "
"47"," 서울 류효림 기자 일 오후 서울 서대문구 신촌 연세로에서 열린 제 회 신촌물총축제에서 참가한 어린이가 축제를 즐기고 있다 러시아 월드컵의 모든 것 뉴스가 보여요 유튜브 기사제보 및 문의 "
"48"," 더위를 향해 쏴라 신촌 물총축제 앵커 더위가 기승일 때는 물놀이 만한 것도 없죠 신촌에서는 올해 회째를 맞이한 물총축제가 한창인데요 현장에 나가있는 뉴스 캐스터 연결해보겠습니다 유해인 캐스터 캐스터 저는 지금 신촌 연세로에 나와 있습니다 이처럼 물총을 들고 있으니까 계속해서 시원한 물줄기를 맞고 있습니다 올해 회째를 맞이한 신촌 물총축제의 이번 콘셉트는 신촌을 점령한 안드로이드 라는 콘셉트입니다 물총을 이용한 이벤트까지 있습니다 가장 먼저 눈길을 사로잡는 건 역시 메인이벤트인 물총대전입니다 로봇 모양으로 만들어진 주무대를 중심으로 시민들은 로봇으로부터 신촌영토를 지키기 위해 아주 치열한 시원한 물총싸움을 벌이는데요 이 과정에서 플라잉 퍼포먼스와 기계군단 퍼포먼스가 펼쳐집니다 또 워터캐논과 워터커트 워터레이저 등으로 시원한 물벼락을 맞을 준비를 하셔야 하겠고요 저녁까지 이어지는 축제에 들이 함께해 지루할 틈이 없이 신나는 음악과 함께 물총놀이를 즐기실 수 있습니다 특히 올해는 에어바우스 워터슬라이드 등으로 꾸며진 키즈존에서 아이들도 더 즐겁게 축제에 참여할 수가 있습니다 축제는 내일까지 이어집니다 입장 제한 없이 누구나 무료로 참여가 가능하지만 탈의실과 물품보관소 이용은 따로 이용권을 예매해야 하니까요 참고하시기를 바랍니다 오늘은 더위의 시작을 알리는 절기 소서입니다 이곳에 오셔서 더위는 물러내시고 시원함에 흠뻑 젖어보시기를 바랍니다 지금까지 신촌 연세로에서 유해인입니다 기사문의 및 제보 카톡 라인 네이버 채널 구독 생방송 시청 대한민국 뉴스의 시작 앱 다운받기"
"49"," 서울 류효림 기자 일 오후 서울 서대문구 신촌 연세로에서 열린 제 회 신촌물총축제에서 참가자들이 플라잉 퍼포먼스 중인 스턴트맨을 향해 물총을 쏘고 있다 러시아 월드컵의 모든 것 뉴스가 보여요 유튜브 기사제보 및 문의 "
"50"," 앵커 청춘과 음악 떼려야 뗄 수 없는 불가분의 관계죠 요즘 유행하는 랩으로 이 시대 청춘의 면모를 날카롭고 유쾌하게 포착해 낸 영화 변산 이 개봉했습니다 새 영화 소식 윤현숙 기자가 소개합니다 기자 영화 변산 꿈은 유명 래퍼 현실은 오디션 예선 탈락 무명 래퍼 학수가 한 통의 전화를 받고 고향으로 내려가며 벌어지는 소동을 그린 영화 변산 입니다 들러붙는 옛 친구들 불편한 아버지 지우고 싶은 기억들만 가득한 고향에서 힘겹게 과거와 화해하고 청춘의 다음 행을 채울 용기와 위로를 얻는 학수와 친구들의 모습이 유쾌하게 그려집니다 박정민 영화 변산 학수 역 때로는 우스꽝스럽게 유쾌하게 풀어드리는 게 보는 관객들에게 조금 더 그쪽이 위로가 되지 않을까 포세대 의 고민과 불안을 요즘 대세 랩에 녹여 전달한 영화는 노을지는 서해 바다를 배경으로 한 뮤직비디오처럼 끝까지 경쾌한 호흡이 인상적입니다 영화 앤트맨과 와스프 어벤져스 의 열기가 식기도 전에 찾아온 또 한편의 마블 영화입니다 크기를 가지고 놀며 액션과 유머를 조합하는 앤트맨 이 여성 히어로 와스프 와 함께 돌아왔습니다 전편를 능가하는 속편이라는 평가 속에 쿠키 영상 등 잔재미도 덤입니다 영화 햄스테드 서로 다른 환경 속에 살아온 에밀리 와 도널드 강제 퇴거 위기에 놓인 도널드의 숲 속 오두막을 함께 지키는 과정에서 진정한 사랑과 행복의 의미를 찾아갑니다 런던 북서쪽의 햄스테드 를 배경으로 실화에 바탕을 둔 로맨틱 코미디입니다 영화 잉글랜드 이즈 마인 브릿팝의 전설이자 수많은 음악인에게 영감을 줬던 밴드 더 스미스 년대 보컬 모리세이의 발자취를 따라가는 영화 잉글랜드 이즈 마인 도 개봉했습니다 윤현숙 입니다 시간 실시간 뉴스 생방송 보기 러시아 월드컵 기사모음 저작권자 무단전재 및 재배포 금지 "
"51"," 서울 류효림 기자 일 오후 서울 서대문구 신촌 연세로에서 열린 제 회 신촌물총축제에서 참가자들이 플라잉 퍼포먼스를 하는 스턴트맨을 향해 물총을 쏘고 있다 러시아 월드컵의 모든 것 뉴스가 보여요 유튜브 기사제보 및 문의 "
"52"," 서울 류효림 기자 일 오후 서울 서대문구 신촌 연세로에서 열린 제 회 신촌물총축제에서 참가자들이 플라잉 퍼포먼스를 향해 물총을 쏘고 있다 러시아 월드컵의 모든 것 뉴스가 보여요 유튜브 기사제보 및 문의 "
"53"," 서울 류효림 기자 일 오후 서울 서대문구신촌 연세로에서 열린 제 회 신촌물총축제에서 참가자들이 플라잉 퍼포먼스를 하는 스턴트맨을 향해 물총을 쏘고 있다 러시아 월드컵의 모든 것 뉴스가 보여요 유튜브 기사제보 및 문의 "
"54"," 아시아경제 이종길 기자 의학서적인 의방유취 醫方類聚 가 우리말로 쉽게 풀이돼 발간된다 세종대왕기념사업회는 교육부의 고전문헌국역지원사업의 일환으로 의방유취의 번역을 시작해 첫 번째 책인 국역 의방유취Ⅰ 총론Ⅰ 을 출간했다고 일 전했다 의방유취는 조선 세종이 년에 편찬을 명해 년 뒤에 완료한 방대한 종합 의학 서적이다 허준이 지은 동의보감 東醫寶鑑 에 인용된 중요한 서적으로 의학 이론을 정리한 의경 醫經 과 치료법에 치중한 방서 方書 를 망라한다 일본 궁내청에 여 권이 있고 한독의약박물관에 권이 있다 국립중앙도서관은 년대에 궁내청 소장본을 마이크로필름으로 만들어 들여왔다 사업회는 이를 저본으로 삼아 권 분량으로 번역한다는 계획을 세웠다 작업에는 한의학 관련 학문 연구자들이 대거 참여한다 총론Ⅰ은 이경록 연세대 의사학과 겸임교수가 맡았다 이 교수는 해제 解題 에서 의방유취는 총론 사기 邪氣 로 인한 질병 신체 부위별 질병 증상에 따른 질병 응급과 외상 양생 부인과 소아과 순으로 병문 病門 아흔한 개를 다룬다 고 소개했다 의방유취의 의학론은 유불도 儒佛道 의 이치가 하나라는 삼교회통 三敎會通 논리로 귀결된다 며 이번 편찬을 계기로 동아시아 의학의 형성과 전개 과정이 일목요연해졌다 고 평했다 최홍식 세종대왕기념사업회장은 이번 번역으로 우리 문화유산에 대한 관심이 더욱 높아질 것 이라며 임진왜란 때 일본이 약탈한 의방유취 서적에 대한 환수운동도 함께 전개되길 바란다 고 했다 이종길 기자 네이버 채널 설정하고 룰렛 당첨 확인 양낙규의 군사이야기 재미와 신기 과학을읽다 "
"55"," 서울 류효림 기자 일 오후 서울 서대문구 신촌 연세로에서 열린 제 회 신촌물총축제에서 참가자들이 플라잉 퍼포먼스 중인 스턴트맨을 향해 물총을 쏘고 있다 러시아 월드컵의 모든 것 뉴스가 보여요 유튜브 기사제보 및 문의 "
"56"," 서울 류효림 기자 일 오후 서울 서대문구 신촌 연세로에서 열린 제 회 신촌물총축제에서 참가자들이 축제를 즐기고 있다 러시아 월드컵의 모든 것 뉴스가 보여요 유튜브 기사제보 및 문의 "
"57"," 서울 류효림 기자 일 오후 서울 서대문구 신촌 연세로에서 열린 제 회 신촌물총축제에서 참가자들이 축제를 즐기고 있다 러시아 월드컵의 모든 것 뉴스가 보여요 유튜브 기사제보 및 문의 "
"58"," 서울 신준희 기자 일 서울 하늘이 맑고 푸르다 러시아 월드컵의 모든 것 뉴스가 보여요 유튜브 기사제보 및 문의 "
"59"," 서울 신준희 기자 일 서울 하늘이 맑고 푸르다 러시아 월드컵의 모든 것 뉴스가 보여요 유튜브 기사제보 및 문의 "
"60"," 서울 신준희 기자 일 서울 남산에서 바라본 하늘이 맑고 푸르다 러시아 월드컵의 모든 것 뉴스가 보여요 유튜브 기사제보 및 문의 "
"61"," 서울 신준희 기자 일 서울 하늘이 맑고 푸르다 러시아 월드컵의 모든 것 뉴스가 보여요 유튜브 기사제보 및 문의 "
"62"," 아시아경제 이종길 기자 한국출판문화산업진흥원은 올해 상반기 세종도서 교양부문 도서 종을 선정했다고 일 전했다 이 도서를 종당 만원 이내로 구입해 지방자치단체 교육청 등의 추천을 받은 공공도서관 작은도서관 학교도서관 해외문화원 등에 보급한다 공모에는 종이 접수됐다 경쟁률은 로 지난해보다 높았다 출판문화산업진흥원은 학회와 단체 여 곳의 추천을 받은 전문가와 도서관 관계자들로 구성된 심사위원 풀에서 추첨을 통해 심사위원 일흔다섯 명을 뽑았다 이들의 단계에 걸친 검토를 걸쳐 도서를 선정했다 목록은 출판문화산업진흥원 홈페이지와 세종도서 온라인시스템에서 확인할 수 있다 세종도서는 정부가 전국 공공도서관 등에 비치할 우수 도서를 선정해 구매해주는 사업으로 년부터 시행됐다 출판문화산업진흥원은 지난해까지 학술 교양 문학나눔 등 세 부문으로 나눠 심사를 진행했으나 올해 문학나눔 부문을 한국문화예술위원회로 이관했다 이종길 기자 네이버 채널 설정하고 룰렛 당첨 확인 양낙규의 군사이야기 재미와 신기 과학을읽다 "
"63"," 서울 류효림 기자 일 오후 서울 서대문구 신촌 연세로에서 열린 제 회 신촌물총축제에서 참가자들이 축제를 즐기고 있다 러시아 월드컵의 모든 것 뉴스가 보여요 유튜브 기사제보 및 문의 "
"64"," 날씨 주말 서쪽 덥고 동쪽 선선 습도 낮아 쾌적 앵커 주말인 오늘은 맑은 하늘에 미세먼지도 없는 쾌적한 날씨를 보이고 있습니다 자세한 날씨는 야외에 나가있는 기상캐스터 연결해서 알아보겠습니다 김지은 캐스터 캐스터 지금 서울은 년 중에서도 손에 꼽을 정도로 좋은 날씨를 보이고 있습니다 제 뒤에 보시는 것처럼 건물이 뚜렷하게 보일 뿐만 아니라 그 위로 펼쳐진 파란 하늘이 마치 그림같지 않은가요 오늘 미세먼지 없죠 또 습도가 낮죠 선선한 바람까지 불어줘서 나들이하기에는 더없이 좋은 날씨를 보이고 있습니다 깨끗하고 선선한 동풍이 불어줘서 그렇습니다 동풍이 산맥을 넘으면서 습기를 떨어뜨리고 건조한 상태로 들어오고 있습니다 단 동풍을 전통으로 맞는 동쪽지역은 대부분 도 안팎으로 기온이 많이 떨어져 있고요 하늘에 구름도 많은 가운데 오늘 비도 오락가락하겠습니다 또 동해상에서는 거센 물결이 일겠고 동해안에서는 너울성 파도가 밀려와 안전사고에 유의해야겠습니다 반면 서쪽지방은 구름 한 점 없는 맑은 하늘에 기온이 크게 올라 있습니다 이 시각 서울이 도 전주 도로 대부분 도 안팎까지 오르겠습니다 습도는 낮아서 큰 더위는 없지만 뜨거운 볕에 강한 자외선은 조심해야 하겠습니다 일요일인 내일은 오늘과 다르게 점차 흐려지겠고요 장마전선이 다시 북상하겠습니다 오후부터 제주에 장맛비가 내리겠고 월요일에는 영남을 제외한 전국에 비가 내리겠습니다 태풍 마리아는 매우 강한 중형급으로 오키나와 동남쪽 부근 해상에 있습니다 다음 주 중반에 중국 남단에 상륙할 전망인데 아직 진로는 좀 유동적이어서 상황은 더 지켜봐야 하겠습니다 지금까지 여의도 물빛광장에서 전해드렸습니다 김지은 기상캐스터 기사문의ㆍ제보 카톡 라인 네이버 채널 구독 생방송 시청 대한민국 뉴스의 시작 앱 다운받기"
"65"," 날씨 주말 서쪽 덥고 동쪽 선선 습도 낮아 쾌적 앵커 주말인 오늘은 맑은 하늘에 미세먼지도 없는 쾌적한 날씨를 보이고 있습니다 자세한 날씨는 야외에 나가있는 기상캐스터 연결해서 알아보겠습니다 김지은 캐스터 캐스터 지금 서울은 년 중에서도 손에 꼽을 정도로 좋은 날씨를 보이고 있습니다 제 뒤에 보시는 것처럼 건물이 뚜렷하게 보일 뿐만 아니라 그 위로 펼쳐진 파란 하늘이 마치 그림같지 않은가요 오늘 미세먼지 없죠 또 습도가 낮죠 선선한 바람까지 불어줘서 나들이하기에는 더없이 좋은 날씨를 보이고 있습니다 깨끗하고 선선한 동풍이 불어줘서 그렇습니다 동풍이 산맥을 넘으면서 습기를 떨어뜨리고 건조한 상태로 들어오고 있습니다 단 동풍을 전통으로 맞는 동쪽지역은 대부분 도 안팎으로 기온이 많이 떨어져 있고요 하늘에 구름도 많은 가운데 오늘 비도 오락가락하겠습니다 또 동해상에서는 거센 물결이 일겠고 동해안에서는 너울성 파도가 밀려와 안전사고에 유의해야겠습니다 반면 서쪽지방은 구름 한 점 없는 맑은 하늘에 기온이 크게 올라 있습니다 이 시각 서울이 도 전주 도로 대부분 도 안팎까지 오르겠습니다 습도는 낮아서 큰 더위는 없지만 뜨거운 볕에 강한 자외선은 조심해야 하겠습니다 일요일인 내일은 오늘과 다르게 점차 흐려지겠고요 장마전선이 다시 북상하겠습니다 오후부터 제주에 장맛비가 내리겠고 월요일에는 영남을 제외한 전국에 비가 내리겠습니다 태풍 마리아는 매우 강한 중형급으로 오키나와 동남쪽 부근 해상에 있습니다 다음 주 중반에 중국 남단에 상륙할 전망인데 아직 진로는 좀 유동적이어서 상황은 더 지켜봐야 하겠습니다 지금까지 여의도 물빛광장에서 전해드렸습니다 김지은 기상캐스터 기사문의ㆍ제보 카톡 라인 네이버 채널 구독 생방송 시청 대한민국 뉴스의 시작 앱 다운받기"
"66"," 아라뱃길에서 다양한 수상레저를 아라마린 페스티벌 앵커 여름에 수상스포츠 즐기는 분들 많이 계시죠 김포 아라뱃길에서 수상스포츠를 직접 체험할 수 있는 행사가 진행되고 있습니다 현장에 나가 있는 뉴스캐스터 연결해보죠 신세미 캐스터 캐스터 오늘 날씨가 굉장히 좋습니다 하늘도 맑고 공기도 굉장히 깨끗한데요 제가 나와 있는 김포 아라마리나에서는 다양한 수상레저를 즐길 수 있는 아라마린 페스티벌이 열리고 있습니다 지금 가족분들 모셔봤는데요 인터뷰 나누보겠습니다 안녕하세요 오늘 아드님과 커플복 입고 오신 것 같은데요 특별하게 어떻게 오시게 됐나요 와보니까 요트도 있고 도 있는데요 카약만의 매력이 있다면 어떤 것들이 있을까요 와보니까 요트뿐만 아니라 다른 먹거리고 많고 볼거리도 많은데요 끝나고 어떤 것 하실 건가요 이렇게 올해로 회째를 맞은 아라마린 페스티벌에서는 수상레저대회와 다양한 수변 프로그램을 즐길 수 있습니다 아라뱃길에서는 카약과 요트 페들보드 종류의 수상 대회가 열리고 있는데요 힘차게 물살을 가르는 요트를 바라만 봐도 더위가 싹 날아가는 느낌입니다 시민들을 위해 마련된 체험장에서는 카약과 수상자전거 범퍼보트 등을 무료로 즐길 수 있게 마련됐고요 이밖에도 수변 문화광장에는 먹거리와 즐길거리도 다양한데요 수상스포츠를 즐긴 뒤 허기진 배를 책임질 푸드트럭과 또 귀를 즐겁게 해 줄 음악콘서트도 준비돼 있습니다 그리고 지역민들이 준비한 로컬오픈마켓과 자선바자회도 열린다고 합니다 이번 축제는 내일 일 까지 열립니다 주말에 가족과 또는 연인과 함께 수상레저도 즐기면서 여름을 시원하게 보내보시기 바랍니다 지금까지 김포 아라마리나에서 신세미입니다 기사문의 및 제보 카톡 라인 네이버 채널 구독 생방송 시청 대한민국 뉴스의 시작 앱 다운받기"
"67"," 앵커 오늘은 본격적인 더위가 시작된다는 절기 소서 입니다 서쪽 지방을 중심으로 더운 여름 날씨가 이어지고 있는데요 오늘은 중계차가 더위를 날려줄 물총 축제 현장에 나가 있습니다 현장 연결해보죠 박현실 캐스터 그곳 현장은 무척 시원해 보이네요 캐스터 강한 햇살에 날은 뜨겁지만 물총에서 뿜어져 나오는 물줄기는 무척 시원합니다 이번 주말만큼은 신촌 연세로가 도심 속 물놀이장으로 탈바꿈했는데요 서로 오늘 처음 보는 얼굴이지만 오늘만큼은 나이나 국적 상관없이 모두 친구가 된 듯합니다 주말 동안 특별한 계획 없으시다면 이곳 신촌 물총축제에서 더위와 스트레스를 모두 날려보시기 바랍니다 올해로 회째를 맞는 신촌물총축제는 입장료 없이 남녀노소 누구나 참여 가능합니다 버블 파티와 워터 슬라이드 등 다양한 즐길거리가 많이 마련된 이번 축제는 내일까지 이틀간 진행될 예정입니다 휴일인 내일도 후텁지근한 날씨가 이어집니다 서울과 대전 도 광주 도까지 올라 오늘과 비슷하겠고 동해안 지역은 강릉과 울산 도에 머물며 선선하겠습니다 내일도 내륙은 비 소식 없이 후텁지근하겠습니다 오후부터는 제주도에 장맛비가 내리겠고요 다음 주 월요일에는 전국에 장맛비가 내릴 전망입니다 바람은 불지만 햇살이 강해서 자외선 지수가 무척 높습니다 자외선 차단제 꼼꼼히 챙겨 바르시기 바랍니다 지금까지 박현실입니다 시간 실시간 뉴스 생방송 보기 러시아 월드컵 기사모음 저작권자 무단전재 및 재배포 금지 "
"68"," 서울 류효림 기자 일 오후 서울 서대문구 신촌 연세로에서 열린 제 회 신촌물총축제에서 참가자들이 축제를 즐기고 있다 러시아 월드컵의 모든 것 뉴스가 보여요 유튜브 기사제보 및 문의 "
"69"," 서울 류효림 기자 일 오후 서울 서대문구 신촌 연세로에서 열린 제 회 신촌물총축제에서 참가자들이 축제를 즐기고 있다 러시아 월드컵의 모든 것 뉴스가 보여요 유튜브 기사제보 및 문의 "
"70"," 서울 류효림 기자 일 오후 서울 서대문구 신촌 연세로에서 열린 제 회 신촌물총축제에서 참가자들이 축제를 즐기고 있다 러시아 월드컵의 모든 것 뉴스가 보여요 유튜브 기사제보 및 문의 "
"71"," 날씨 주말 서쪽 덥고 동쪽 선선 동풍 덕에 공기 깨끗 앵커 주말인 오늘은 맑은 하늘에 미세먼지도 없는 쾌적한 날씨를 보이고 있습니다 자세한 날씨는 야외에 나가있는 기상캐스터 연결해서 알아보겠습니다 김지은 캐스터 캐스터 년 중에서 손에 꼽을 정도로 좋은 날씨입니다 볕은 좀 뜨겁지만 지금 하늘만 봐도 물감을 풀어놓은 듯한 새파란 하늘이 펼쳐져 있습니다 미세먼지 없죠 선선한 바람이 불어주고 있죠 습도까지 낮아서 나들이 하기에는 더없이 좋은 날씨를 보이고 있습니다 깨끗하고 선선한 동풍이 불어줘서 그렇습니다 지금 동풍이 산맥을 넘으면서 습기를 떨어뜨리고 건조한 상태로 들어오고 있습니다 단 동풍을 정통으로 맞고 있는 동쪽지방은 대부분 도 안팎으로 기온이 많이 떨어져 있고요 대부분 도 안팎을 보이고 있고 하늘에 구름도 많은 가운데 비도 오락가락하고 있습니다 또 동해상에서는 거센 물결이 일고 동해안에서는 너울성 파도가 밀려와서 안전사고에 유의해야겠습니다 반면 서쪽지방은 구름 한 점 없는 맑은 하늘에 기온도 크게 올라 있습니다 현재 서울이 도 전주 도로 대부분 도 가까이 오르고 있습니다 습도는 낮아서 큰 더위는 없지만 뜨거운 볕의 강한 자외선은 조심해야겠습니다 일요일 내일은 오늘과 다르게 점차 흐려지겠고요 장마전선이 다시 북상하겠습니다 오후부터 제주에 장맛비가 내리겠고 월요일에는 영남을 제외한 전국에 오겠습니다 태풍 마리아는 현재 매우 강한 중형급으로 오키나와 동남쪽 부근 해상에 있습니다 다음 주 중반에 중국 남단에 상륙할 전망인데 아직 진로는 유동적이라 상황은 더 지켜봐야 하겠습니다 지금까지 여의도 물빛광장에서 전해 드렸습니다 김지은 기상캐스터 기사문의 및 제보 카톡 라인 네이버 채널 구독 생방송 시청 대한민국 뉴스의 시작 앱 다운받기"
"72"," 식품의약품안전처는 해외에서 발암 가능물질을 함유한 것으로 나타나 회수된 원료를 사용할 수 있게 국내 허가받은 고혈압 치료제 개사 개 품목에 대해 잠정 판매중지와 제조 수입 중지 조치를 했다고 일 밝혔습니다 이는 유럽의약품안전청 이 고혈압 치료제에 쓰이는 원료의약품 중 중국산 발사르탄 에서 불순물로 니트로소디메틸아민 이 확인돼 회수 중이라고 발표한 데 따른 것입니다 는 세계보건기구 제암연구소 가 인간에게 발암물질로 작용할 가능성 있는 물질 로 분류한 물질입니다 식약처는 또 중국 제지앙 화하이 사에서 제조한 해당 원료를 잠정 수입중지 및 판매중지 조치했습니다 최근 년간 국내 전체 발사르탄 의 총 제조 수입량은 만 천 제조 만 천 수입 만 천 입니다 이 중에서 수입 및 판매 중지된 해당 중국 제조사의 발사르탄 은 같은 기간 전체 제조 수입량의 만 천 에 해당합니다 식약처는 문제의 불순물 발생 원인과 발생 시기 등을 조사하고 있으며 조사 결과에 따라 회수 폐기 등 필요한 조치를 신속히 취할 예정입니다 이번 잠정 조치는 해당 제품의 검출량과 위해성은 확인되지 않았지만 소비자 보호를 위한 사전 예방 차원에서 이뤄졌습니다 도 중국산 의 검출량과 복용한 환자에 미치는 영향 등을 조사 중이며 예방조치로 지난 일 회수 중이라고 설명했습니다 이번에 문제가 된 발사르탄 이 함유된 모든 의약품은 의사 처방에 따라 약국에서 조제 후 복용할 수 있는 전문의약품으로 의약품 안전사용서비스 시스템에 처방 금지 경고 문구가 등록됩니다 따라서 의사가 처방할 수 없기에 환자가 사용하는 등 유통이 원천 차단된다고 식약처는 밝혔습니다 식약처는 다만 조치대상 의약품을 복용 중인 환자는 임의로 복용을 중단하지 말고 신속하게 의사와 상의해 달라고 당부했습니다 해당 제품과 관련성이 의심되는 부작용 발생 등 이상 징후가 있으면 한국의약품안전관리원에 신고하면 됩니다 팀 무단전재 및 재배포 금지 "
"73"," 청주 박병기 기자 일 장마전선이 물러난 충북은 화창한 날씨 속에 유명 산과 계곡 등에 피서인파가 붐볐다 계곡 피서 자료사진 속리산 국립공원에는 이날 오후 시까지 천여 명이 찾아 법주사와 인근 세조길 등을 거닐면서 더위를 피했고 월악산에도 평소 휴일보다 많은 천 명의 피서 인파가 몰렸다 월악산 관리사무소 관계자는 장마로 수량이 불어난 송계 용화계곡에만 천여 명이 들어찼다 고 말했다 옛 대통령 별장인 청주 청남대에는 천 여 명이 입장해 대통령기념관을 둘러보고 대청호를 배경으로 시원하게 펼쳐진 풍광을 감상했다 트레킹 명소로 각광받는 괴산 산막이옛길 주차장은 모처럼 활짝 갠 날씨에 이끌려 나온 탐방객들로 온종일 혼잡을 빚었다 괴산호를 따라 굽이굽이 펼쳐진 옛길 산책로에는 기다랗게 인간 띠가 형성됐고 경치 좋기로 유명한 연하협 구름다리에도 밀려드는 탐방객 때문에 발 디딜 틈이 없었다 단양의 만천하 스카이워크에도 전망대에 올라 남한강 절경을 감상하거나 짚와이어의 외줄에 몸을 싣고 활강하면서 더위를 쫓는 시민들의 발길이 이어졌다 러시아 월드컵의 모든 것 뉴스가 보여요 유튜브 기사제보 및 문의 "
"74"," 오늘은 본격적인 더위가 시작된다는 절기 소서 인데요 하지만 선선한 동풍이 불면서 심한 더위도 없고 활동하기에 무척 쾌적합니다 현재 전국의 미세먼지 농도는 좋음 수준으로 공기마저 깨끗한데요 다만 햇살이 강해서 자외선 지수가 무척 높습니다 나오실 때는 자외선 차단제를 꼼꼼히 바르시고요 모자나 선글라스도 착용하시는 게 좋겠습니다 현재 전국에 가끔 구름만 지나는 모습인데요 동해안과 제주도를 중심으로는 오후까지 비가 오락가락하겠고 바람도 강하게 불겠습니다 오늘 서쪽은 다소 덥지만 동쪽은 비교적 선선하겠습니다 낮 기온 서울 도 광주 도까지 오르겠고 강릉은 도 울산 도에 머물겠습니다 휴일인 내일 내륙은 비 소식 없이 후텁지근하겠는데요 다만 장마전선이 북상하면서 오후에 제주도를 시작으로 다음 주 월요일에는 전국에 장맛비가 내리겠습니다 지금까지 날씨정보였습니다 시간 실시간 뉴스 생방송 보기 러시아 월드컵 기사모음 저작권자 무단전재 및 재배포 금지 "
"75"," 사진 헤럴드경제 스타 컬처팀 최민호 기자 드루킹 김동원 씨가 특검에 다시 한 번 소환됐다 특검팀은 댓글 여론조작 의혹과 관련해 드루킹 김 씨를 일 오전 시 소환했다 이번이 세 번째 소환이다 이날 조사에서 김 씨가 어떤 입장을 취할지 관심이 모아지고 있다 드루킹 김 씨는 특검 소환에 앞서 지난 일 결심공판에 출석했다 결심공판 당시 김 씨는 사회적 물의를 빚어 모든 분에게 사과하고 깊이 반성한다 면서 다만 법리적인 문제는 반드시 검토해 달라 고 말했다 김 씨는 네이버는 약관에 자동화 프로그램 사용 금지 규정을 만들어 두지 않았다 며 자동화 프로그램을 이용한 공감 클릭 행위는 부정한 명령이 아니고 허위 정보를 입력한 것도 아니다 라고 주장했다 또한 포털사이트 측이 업무방해 혐의로 고소한 데 대해서는 악어가 악어새를 고소한 것과 같다 고 비판하며 속담에 재주는 곰이 부리고 돈은 되놈이 번다는 말이 있다 며 포털사이트의 트래픽을 증가시켜서 광고 매출로 돈을 벌게 해 줬다 우린 아무런 금전적 이익을 얻은 게 없다 고 말했다 이어 사이트 메인에 기사를 올리는 건 편집권을 가진 포털사이트 측이라며 자신들이 여론을 조작한 게 아니라는 취지의 이야기를 이어갔다 이에 검찰 측은 드루킹 김 씨를 비롯한 일당들의 행동으로 포털사이트 자체의 신뢰도와 주가가 하락해 막대한 피해를 입었다고 비판했다 한편 드루킹 일당에 대한 심 선고는 오는 일 이루어진다 내삶의모든리뷰 헤럴드 리얼라이프 리얼라이프 카카오플러스 친구맺기 타파스 페이스북 친구맺기 헤럴드경제 무단 전재 및 재배포 금지 "
"76"," 스포츠서울 글 사진 인천 이주상기자 안다정이 일 인천시 계양체육관에서 열린 피트니스스타 인천 대회에서 피규어 오픈 부문 우승을 차지한 후 포즈를 취하고 있다 연말 파이널 대회를 위해 전국을 순회하며 열리고 있는 피트니스스타는 이번 인천 대회에서 약 여명의 선수들은 보디빌딩을 비롯해서 클래식 보디빌딩 피지크 스포츠모델 비키니 등의 부문에 참가해 열띤 경쟁을 펼쳤다 한편 예능 프로그램 일밤 진짜 사나이 에서 수많은 여성들의 로브콜을 받았던 상병 설민호가 이번 대회의 현장 로 활약해 눈길을 끌었다 스포츠서울 공식 페이스북 팟캐스트 스포츠서울 야구 파일 스포츠서울 공식 유튜브 채널 기사제보 스포츠서울 "
"77"," 경기 오산 중앙동 오산 인근 경부고속도로 하행선 모습 사진 뉴시스 본격적인 더위에 접어든 소서 小暑 인 일 전국 주요 고속도로는 곳곳에서 정체현상을 빚고 있다 한국도로공사에 따르면 이날 고속도로를 이용하는 차량은 만대로 예상된다 이날 오전 시 기준 고속도로를 통해 수도권을 빠져나간 차량은 만대 들어온 차량은 만대로 집계됐다 경부고속도로의 경우 서울방향 천안나들목 북천안 구간 동탄분기점 신갈 구간 달래내고개 서초 구간 부산방향 경부선입구 한남 잠원 구간 동탄 오산 구간 잠원 반포 구간 망향휴게소 목천 구간 옥산하이패스 청주 등에서 차들이 제 속도를 내지 못한다 서해안고속도로는 서울방향 일직 금천 구간에서 정체 현상이 빚어지고 중부고속도로는 통영방향 동서울만남휴게소 하남 구간이 정체 중이다 영동고속도로는 강릉방향 신갈 양지 구간 덕평 호법 구간 만종 새말 구간에서 차량 운행이 원활하지 못하다 이날 오전 시 서울요금소를 기준으로 승용차를 이용한 주요 도시간 예상 소요시간은 하행선의 경우 서울 부산 시간 분 서울 울산 시간 분 서울 목포 시간 분 서울 대구 시간 분 서울 광주 시간 분 서울 강릉 시간 분 서울 대전까지 시간 분 등이다 상행선은 부산 서울 시간 분 울산 서울 시간 분 목포 서울 시간 분 대구 서울 시간 분 광주 서울 시간 분 강릉 서울 시간 분 대전 서울 시간 분 등이다 김창성 기자 머니 페이스북 최신 웹툰이 매일 공짜 "
"78"," 러시아월드컵 조별리그 조 차전 대한민국 독일 경기 당시 한국의 골키퍼 조현우가 독일 선수의 슛을 막는 모습 사진 뉴시스 고범준 기자 러시아월드컵에서 축구강국의 수난이 이어지고 있다 독일 브라질 아르헨티나 등 전통의 강호가 토너먼트에서 조기 탈락하며 자취를 감춰서다 브라질은 일 한국시간 러시아 카잔의 카잔 아레나에서 열린 벨기에와의 러시아월드컵 강전에서 로 패했다 앞서 독일은 한국과의 조별리그 마지막 경기에서 대 로 완패해 일찌감치 짐을 쌌고 리오넬 메시가 이끄는 아르헨티나는 강에서 프랑스에 로 패하며 귀국길에 올랐다 이들이 모두 조기에 탈락하면서 월드컵 역사가 새롭게 쓰였다 독일 브라질 아르헨티나가 모두 강에 오르지 못한 월드컵은 회 대회가 시작된 년 이후 처음이다 앞선 차례 대회 중 번 브라질 회 독일 회 아르헨티나 회 이나 우승컵을 나눠 가졌던 이들은 러시아에서 체면을 구기며 다음 대회를 기약하게 됐다 김창성 기자 머니 페이스북 최신 웹툰이 매일 공짜 "
"79"," 날씨 강한 햇볕ㆍ자외선 지수 동해안ㆍ제주 가끔 비절기 소서인 오늘 서쪽과 동쪽의 기온차가 크게 벌어집니다 낮기온 서울 도 광주 도로 다소 더울 텐데요 다만 서늘한 바닷바람이 계속해서 유입되고 있습니다 동해안지역은 종일 선선하겠고요 강릉을 포함한 동쪽지역은 낮기온이 도 안팎에 오르는 데 그쳐서 긴 소매 차림이 더 어울리겠습니다 오늘 구름 사이로 볕이 강하게 내리쬡니다 한동안 걱정 없었던 자외선지수도 오늘은 전국 대부분 지역에서 매우 높음 단계로 치솟겠고요 그래도 깨끗한 동쪽바람이 불어오면서 먼지 걱정은 없습니다 전국의 미세먼지 농도 종일 좋음 단계를 유지하겠습니다 오늘 대체로 구름만 다소 지나면서 활동하기 좋겠지만 이들 지역은 우산 챙기셔야겠습니다 동풍의 영향을 받는 동해안지역과 제주도는 종일 비가 오락가락할 텐데요 비의 양 자체가 많지는 않지만 바람이 무척 강하게 불고 있습니다 시설물 피해 없도록 조심하시기 바랍니다 오늘 낮기온 서울 도 전주 도 광주 도로 서쪽지역은 다소 덥겠습니다 동해상과 남해상에는 풍랑주의보가 발효 중입니다 당분간 너울로 인한 파도도 높은 만큼 해상 안전에 신경 쓰시기 바랍니다 장마전선이 차차 북상하면서 일요일 오후에 제주도를 시작으로 장맛비가 내리기 시작하겠고요 월요일에는 전국으로 확대될 전망입니다 지금까지 날씨 전해드렸습니다 김하윤 기상캐스터 기사문의 및 제보 카톡 라인 네이버 채널 구독 생방송 시청 대한민국 뉴스의 시작 앱 다운받기"
"80"," 교황청 외무장관인 폴 리처드 갤러거 대주교가 한반도의 군축감소라는 고귀한 목표는 전 세계에 귀감이 될 수 있으며 전 세계 핵무기의 점진적 해체를 촉진할 수 있다 고 주장했다 갤러거 대주교는 일 서울 가톨릭대학교에서 세계 평화와 인권 수호를 위한 교황청 외교 를 주제로 열린 국제 심포지엄에서 이같이 말하며 이러한 성취의 중요성을 과소평가해서는 안되며 여기에 인류의 미래가 달려있다 고 말했다 갤러거 대주교는 한국은 여전히 지난 세기에 벌어졌던 비극적 사건들 때문에 많은 영향을 받고 있다 과거의 무거운 짐에도 불구하고 평화로 향하는 새로운 길이 서서히 열리고 있다는 표지들이 보인다 며 한국인들이 역사의 새로운 장을 열고 우리가 희망하는 약속으로 밝게 빛나는 미래가 올 것 이라며 분쟁을 극복하고 서로 대화하고 인정하면 영속적인 평화가 한반도뿐만 아니라 갈수록 국제화돼가는 세상 곳곳에서 커져 나갈 것 이라고 강조했다 갤러거 대주교는 교황은 오늘날 세상을 보며 제 차 세계 대전을 조각조각 치르고 있다고 했다 교황은 분쟁을 해결하고 평화를 구축하기 위해서는 인간관계의 기본으로 돌아가 궁극적으로 국가의 내부질서와 더 큰 국제 질서의 윤리적 근간을 되찾을 필요가 있다고 확신하고 있다 고 설명했다 또 교황청은 남북한 사이의 대화를 지속적으로 동행하고 지지해 왔다 한반도에는 공통의 역사 문화 언어 그리고 가정과 개인의 관계가 있어서 한국인들이 스스로 이런 대화를 이끌어야 한다는 점도 인정한다 고 덧붙였다 조용철 기자 세상의 모든 골 때리는 이야기 파스 속보이는 스타 저작권자 무단 전재 재배포 금지 "
"81"," 조선 세종이 년 편찬을 명해 년 뒤에 편찬된 방대한 종합 의학서적 의방유취 醫方類聚 를 우리말로 옮기는 작업이 첫걸음을 뗐다 세종대왕기념사업회는 일 교육부 고전문헌국역지원사업 의 하나로 의방유취 번역을 시작해 첫 번째 책인 국역 의방유취Ⅰ 총론Ⅰ 을 출간했다 조선 초기 의학을 집대성한 의방유취는 허준이 지은 동의보감 東醫寶鑑 에 인용된 서적이다 의방 은 의학 이론을 정리한 의경 醫經 과 치료법에 치중된 방서 方書 를 합친 말이다 의방유취는 세종대에 권으로 편찬을 마쳤으나 간행되지 못했다 이후 교정과 수정을 거쳐 성종 년 권 책으로 출간됐다 당시 조정은 질을 인쇄했지만 대부분 사라졌으며 일본 궁내청에 여 권과 한독의약박물관이 권을 각각 소장하고 있다 국립중앙도서관은 년대 궁내청 소장본을 마이크로필름으로 만든 뒤 들여왔다 사업회는 국립중앙도서관 마이크로필름을 저본으로 삼아 책 분량으로 번역할 계획이다 번역에는 한의학 관련 학문 연구자들이 참여할 예정이다 조용철 기자 세상의 모든 골 때리는 이야기 파스 속보이는 스타 저작권자 무단 전재 재배포 금지 "
"82"," 앵커 절기 소서 인 오늘 서쪽 지방은 이맘때 여름 날씨를 보이겠지만 동쪽 지방은 비교적 선선하겠습니다 동풍이 불며 미세먼지 걱정도 없겠는데요 오늘은 중계차가 더위를 날려줄 물총 축제 현장에 나가 있다고 합니다 현장 연결해보겠습니다 박현실 캐스터 오늘 물놀이 즐기기에 최적의 날씨겠네요 캐스터 오늘은 본격적인 더위가 시작된다는 절기 소서 인데요 하지만 선선한 동풍이 불면서 심한 더위도 없고 공기까지 깨끗합니다 지금 제가 나와 있는 신촌 연세로는 이번 주말만큼은 도심 속 물놀이장으로 탈바꿈했습니다 곳곳에서는 시원한 물줄기가 뿜어져 나오고 광장 중앙에서는 신나는 공연이 펼쳐지고 있습니다 올해로 회째를 맞는 신촌물총축제는 입장료 없이 남녀노소 누구나 참여 가능합니다 로봇 군단과 인간이 맞서 싸운다는 주제로 열리는 이번 축제는 내일까지 진행되니까요 주말 동안 특별한 계획 세우지 않으셨다면 신촌물총축제에서 더위와 스트레스를 모두 날려보시는 것도 좋겠습니다 주말인 오늘 대체로 맑은 가운데 심한 더위도 없겠습니다 서울과 대전 도 광주 도까지 오르겠고 동해안 지역은 강릉 도 울산 도에 머물며 선선하겠습니다 휴일인 내일도 내륙은 비 소식 없이 후텁지근 하겠고요 내일 오후부터 제주도에 장맛비가 내리기 시작해 다음 주 월요일에는 전국에 장맛비가 오겠습니다 바람은 불지만 햇살이 강해서 자외선 지수가 무척 높습니다 자외선 차단제 꼼꼼히 챙겨 바르시기 바랍니다 지금까지 박현실입니다 시간 실시간 뉴스 생방송 보기 러시아 월드컵 기사모음 저작권자 무단전재 및 재배포 금지 "
"83"," 경주 동궁과 월지 첨성대 등에 만발 야경도 예술 한정환 기자 경주 동궁과월지 연꽃단지 모습 경주시 제공연꽃의 계절 월을 맞아 경주 동궁과 월지 첨성대와 월성 일대 동부사적지가 매혹적인 연꽃 향으로 가득하다 크고 작은 산으로 둘러싸여 갓 핀 연꽃을 닮은 천년고도 경주는 동부사적지 연꽃단지부터 서출지 보문정 양동마을까지 이맘 때쯤이면 도시 곳곳이 연꽃으로 물든다 특히 경주 통일전 바로 옆에 위치한 서출지는 해가 넘어가는 매직아워시간에 맞춰 사진촬영을 하면 환상적인 모습을 연출한다 연꽃으로 연못을 가득채운 경주 서출지 야경 한정환그중에서도 동궁과 월지 주변 동부사적지는 가장 넓은 부지에 백련과 홍련 수련 등 다양한 연꽃이 한꺼번에 피어나 아름다운 자태를 뽐낸다 연꽃밭 속 지그재그로 이어진 산책로를 따라 걷다 보면 우아한 연꽃의 자태에 취하고 은은한 향기에 취한다 연꽃을 바로 곁에서 감상할 좋은 기회다 연꽃은 월 중순부터 절정에 이를 것으로 예상된다 한편 연꽃단지 인근 황룡사역사문화관 뒤편으로는 꽃백일홍이 만개해 화려한 자태를 드러내고 있으며 인근 첨성대 일대 꽃 단지에서는 개화시기가 다른 다양한 야생화도 볼 수 있다 친구와 연인 가족 사진동호인 등 시민과 관광객의 발길이 이어지며 잊지 못할 추억을 쌓는 필수 관광코스로 부각되고 있다 연꽃단지 산책길을 거닐던 발길이 밤이면 첨성대 동궁과 월지의 야경으로 이어진다 무더위가 계속되는 밤에 여유롭게 만개한 연꽃을 감상하며 야경에 감탄하다 보면 어느새 여름밤 더위는 저만치 물러간다 시 관계자는 진흙속에서도 맑게 피어나는 연꽃은 예로부터 선비의 꽃이라 할 만큼 단아하고 고귀한 자태와 은은한 향이 일품 이라며 마음까지 편안해지는 연꽃향 가득한 천년고도에서 올 여름 무더위를 잊고 몸과 마음을 힐링하는 시간을 가져보길 바란다 고 밝혔다 저작권자 시민기자 무단 전재 및 재배포 금지 오연호의 바로가기 이 기사가 마음에 드셨다면 응원하기 "
"84"," 보기만 해도 기분 좋은 날씨입니다 현재 전국이 대체로 맑은 가운데 공기도 깨끗한데요 시야가 탁 트여있어서 나들이 만끽하시기도 좋겠습니다 다만 볕이 강한 만큼 자외선 지수가 높기 때문에 나가신다면 자외선 차단제를 꼭 챙겨 발라 주셔야겠습니다 선선한 동풍이 불어오면서 오늘 일 날씨 크게 덥지도 않겠습니다 특히 동해안의 낮 기온은 강릉이 도로 시원하겠는데요 서울 도로 내륙은 비교적 높겠지만 평년 수준을 보이겠습니다 현재 동해와 남해상에는 풍랑주의보가 내려져 있습니다 특히 동해안에는 내일까지 너울성 파도까지 이어질 것으로 보이는데요 안개도 끼겠고 또 해안 지방을 중심으로 바람이 강하기 때문에 각종 안전사고에 조심해주셔야겠습니다 일요일인 내일도 대체로 맑겠지만 오후에 제주도부터 장맛비가 시작되겠고요 이 장맛비는 월요일에 전국으로 확대되겠습니다 양태빈 기상캐스터 박지성과 다시 뜨겁게 러시아월드컵 최신 경기 하이라이트 영상 보러가기 김동식 포럼 김동식 작가 신작 단독 연재 바로 가기 무단복제 및 재배포 금지 "
"85"," 오늘은 본격 더위가 시작된다는 절기 소서지만 더위가 심하지는 않습니다 햇살은 강하지만 쾌적한 동풍이 불어 들고 있는데요 바람 덕에 공기도 깨끗해서 오늘 마음 편히 바깥활동 즐기기 참 좋겠습니다 좀처럼 힘을 쓰지 못하고 있는 장마전선은 내일 오후 제주도에 비를 조금 뿌리겠고요 월요일에는 전국에서 장맛비가 올 텐데요 서울 등 중북부지방에 다소 많은 양이 예상됩니다 호 태풍 마리아의 경우는 현재 매우 강한 세력을 유지한 채 괌 북서쪽 해상에서 북서진하고 있습니다 예상대로라면 목요일에는 상하이 남서쪽 부근 육상까지 다가올 것으로 보이는데요 향후 진로는 매우 유동적인 상황입니다 오늘 전국 하늘에는 구름이 간간히 지나겠고요 동해안과 제주도는 동풍의 영향으로 오후까지 비가 조금 올 수 있겠습니다 한낮 기온은 서울과 대전 도 동해안은 강릉이 도 안팎에 머물겠습니다 날씨였습니다 이귀주 캐스터 저작권자 무단복제 재배포 금지 "
"86"," 날씨 주말 가끔 구름 많음 제주 동해안 비 저작권자 무단복제 재배포 금지 강 빅매치 베스트골 가장 빨리 보는 법 보다 리얼 한 색다른 뉴스 "
"87"," 세종대왕기념사업회 총론Ⅰ 출간 서울 박상현 기자 조선 세종이 년 편찬을 명해 년 뒤에 완료한 방대한 종합 의학서적인 의방유취 醫方類聚 를 우리말로 옮기는 작업이 첫걸음을 뗐다 세종대왕기념사업회는 교육부 고전문헌국역지원사업 의 하나로 의방유취 번역을 시작해 첫 번째 책인 국역 의방유취Ⅰ 총론Ⅰ 을 출간했다고 일 밝혔다 조선 초기 의학을 집대성한 의방유취는 허준이 지은 동의보감 東醫寶鑑 에 인용된 중요한 서적이다 의방 은 의학 이론을 정리한 의경 醫經 과 치료법에 치중한 책인 방서 方書 를 합친 말이다 의방유취는 세종대에 권으로 편찬을 마쳤으나 간행되지 못했고 교정과 수정을 거쳐 성종 년 권 책으로 출간됐다 당시 조정은 질을 인쇄했으나 대부분 사라졌다 일본 궁내청에 여 권이 있고 한독의약박물관이 권 을 소장하고 있다 국립중앙도서관은 년대 궁내청 소장본을 마이크로필름으로 만들어 들여왔다 사업회는 국립중앙도서관 마이크로필름을 저본으로 삼아 책 분량으로 번역한다는 계획을 세웠다 번역에는 한의학 관련 학문 연구자들이 참여한다 총론Ⅰ은 이경록 연세대 의사학과 겸임교수가 번역했다 이 교수는 해제에서 의방유취는 총론 사기 邪氣 로 인한 질병 신체 부위별 질병 증상에 따른 질병 응급과 외상 양생 부인과 소아과 순으로 개 병문 病門 을 다뤘다 고 소개했다 이어 의방유취의 의학론은 유불도 儒佛道 의 이치가 하나라는 삼교회통 三敎會通 논리로 귀결된다 며 의방유취 편찬을 계기로 동아시아 의학의 형성과 전개 과정이 일목요연해졌다 고 평가했다 사업회 관계자는 매년 번역본 권을 출간하는 것이 목표 라며 총론Ⅰ은 공공도서관과 대학에 부 정도 보냈고 추후 온라인에 번역문을 올릴 예정 이라고 설명했다 최홍식 세종대왕기념사업회장은 의방유취 번역으로 우리 문화유산에 대한 관심이 높아질 것 이라며 임진왜란 때 일본이 약탈한 의방유취 서적에 대한 환수운동이 전개되길 바란다 고 말했다 러시아 월드컵의 모든 것 뉴스가 보여요 유튜브 기사제보 및 문의 "
"88"," 사천 바다케이블카 자료사진 창원 이정훈 기자 토요일이자 본격적인 더위가 시작된다는 소서 小暑 인 일 경남 주요 해수욕장은 선선한 날씨 탓에 비교적 한산했다 구름 낀 날씨를 보인 경남은 낮 최고기온은 도 도 사이에 머물러 평년보다 도 정도 낮았다 이날 거제 여차해수욕장 통영 비진도해수욕장 사천 남일대해수욕장 창원 광암해수욕장 등 경남 개 해수욕장이 개장했다 그러나 선선한 날씨가 이어져 해수욕을 하는 피서객은 많지 않았다 경남 해수욕장 가운데 가장 이른 지난달 일 문을 연 거제 학동흑진주몽돌해변에도 해수욕객을 찾기가 어려웠다 한려해상국립공원 동부사무소 거제분소 관계자는 바닷물이 아직 찬 데다 파도까지 쳐 바닷물에 몸을 담근 피서객들이 거의 보이지 않는다 고 말했다 대신 피서객들은 백사장이나 해수욕장 옆 소나무숲 등을 거닐면서 초여름 정취를 만끽했다 한려수도를 한눈에 내려다볼 수 있는 사천 바다케이블카 통영 미륵산 케이블카에 각각 천 여 명 천여 명가량이 탑승하는 등 관광객 발길이 이어졌다 장마 기간 탐방객이 뜸했던 지리산 국립공원에도 수천여 명이 찾아 천왕봉을 오르거나 대원사 계곡 중산리 계곡 등에서 초여름 자연을 즐겼다 러시아 월드컵의 모든 것 뉴스가 보여요 유튜브 기사제보 및 문의 "
"89"," 재생과 나눔의 가치를 실현하는 자유로운 축제의 장으로 조성 전형준 기자 양양 서핑메카로 거듭나고 있는 강원 양양 죽도 인구해변 일원에서 오늘 일 보드스왑 이벤트가 진행된다 서핑문화를 선도하는 미디어 뉴스 스트리밍 기업 더블유에스비팜 과 라인웍스 가 주최하는 이번 행사는 서퍼들의 자발적인 동참으로 재생과 나눔의 가치를 실천하고자 마련됐다 보드스왑 은 말 그대로 서퍼들이 파도를 타는데 사용하는 서핑보드를 서로 교환하거나 나누는 행사로 플리마켓이나 아나바다 운동처럼 나에게는 필요 없지만 아직 쓸만한 서핑보드와 부대용품이 대상이 된다 행사 주최 측은 이벤트가 시작되는 낮 시부터 오후 시까지 현남면 인구항길 번지 일원의 차량을 통제하고 브랜드 셀러 부스를 설치해 행사장을 조성한다 행사 관계자는 보드스왑 데이는 천편일률적인 플리마켓이 아닌 환경과 문화의 가치를 서퍼들의 참여와 실천으로 함께 만들어가는 이벤트 라며 서핑산업의 육성을 돕고 서프시티 양양만의 고유한 볼거리를 제공하는 축제의 장으로 육성해 나가겠다 고 말했다 전형준 기자 양양 독자가 프레시안을 지킵니다 프레시안 조합원 가입하기 네이버 모바일 메인화면에서 프레시안을 만나세요 프레시안 채널 설정하기 성역 없는 언론 프레시안에 제보하기 무단전재 및 재배포금지"
"90"," 서울 도 동해안은 흐리고 비 이데일리 김겨레 기자 토요일인 오늘 일 은 전국에 구름이 많은 가운데 동해안은 흐리고 약하게 비가 내릴 전망이다 기상청에 따르면 일 전국은 북동쪽에서 찬 공기가 유입돼 평년보다 기온 분포가 낮을 것으로 보인다 낮 최고기온은 도로 예보돼 평년 도 과 비슷하거나 약간 낮겠다 서울 도 충남 도 전남 도 영동 도 경남 도 제주 도다 대기 확산이 원활해 미세먼지 농도는 전국 모든 지역에서 좋음 수준을 나타낼 것으로 보인다 바다의 물결은 서해상에서 로 일겠고 그 밖의 해상은 최고 로 높게 일겠다 동해안과 남해안 제주도는 바람이 강하게 불겠다 제 호 태풍 마리아 는 일 오전 일본 오키나와를 거쳐 일 오전 시 중국 상하이 남서쪽 부근까지 북상할 것으로 예상된다 김겨레 대를 위한 취업 금융 생활 정보가 가득 스냅타임 네이버 홈에서 이데일리 기사 보려면 구독하기 최신 웹툰이 매일 공짜 꿀잼 웹툰 감상하기 종합 경제정보 미디어 이데일리 무단전재 재배포 금지 "
"91"," 아라뱃길에서 수상스포츠를 아라마린 페스티벌 앵커 여름에 수상스포츠 즐기는 분들 많으시죠 김포 아라뱃길에서 수상스포츠를 직접 체험할 수 있는 행사가 진행되고 있다고 하는데요 현장에 나가 있는 뉴스캐스터 연결하겠습니다 신세미 캐스터 캐스터 네 저는 지금 김포 아라마리나에 나와 있습니다 여름 하면 수상스포츠를 빼놓을 수 없을 것 같은데요 이곳에서는 다양한 수상레저를 즐길 수 있는 아라마린 페스티벌이 열리고 있습니다 제 뒤로 보이는 것처럼 지금은 요트와 카약 그리고 대회가 열리고 있는데요 형형색색의 배들이 물살을 힘차게 가르며 나아가고 있습니다 올해로 회째를 맞은 아라마린 페스티벌에서는 수상레저대회와 다양한 수변 프로그램을 즐길 수 있습니다 아라뱃길에서는 카약과 요트 페들보드 종류의 수상 대회가 열리고 있는데요 힘차게 물살을 가르는 요트를 바라만 봐도 더위가 싹 날아가는 느낌입니다 시민들을 위해 마련된 체험장에서는 카약과 수상자전거 범퍼보트 등을 무료로 즐길 수 있습니다 이밖에도 수변 문화강장에는 먹거리와 즐길거리도 다양한데요 수상스포츠를 즐긴 뒤 허기진 배를 책임질 푸드트럭과 또 귀를 즐겁게 해 줄 음악콘서트도 준비돼 있습니다 그리고 지역 주민들이 준비한 로컬오픈마켓과 자선바자회도 열린다고 합니다 이번 축제는 내일까지 열립니다 주말에 가족과 또는 연인과 함께 수상레저도 즐기면서 여름을 시원하게 보내보시는 건 어떨까요 지금까지 김포 아라마리나에서 신세미입니다 기사문의 및 제보 카톡 라인 네이버 채널 구독 생방송 시청 대한민국 뉴스의 시작 앱 다운받기"
"92"," 다음 주 일 는 대체로 구름 낀 날이 많겠고 일부 지역에는 비가 오겠다 일 기상청에 따르면 화요일인 일 서울 경기도 강원도 등에는 장마전선의 영향으로 비가 내리겠다 이들 지역의 강수량은 평년 보다 조금 많을 것으로 예보됐다 일을 제외한 나머지 날은 대체로 고기압 가장자리에 들어 구름이 많이 끼겠다 기온은 평년 최저기온 도 최고기온 도 과 비슷하거나 조금 높겠다 기상청은 제 호 태풍 마리아 의 이동 경로에 따라 장마전선 위치가 달라질 수 있으니 앞으로 발표되는 기상 정보를 참고하기 바란다 고 당부했다 한경닷컴 뉴스룸 한경닷컴 바로가기 글방 모바일한경 구독신청 한국경제 무단전재 및 재배포 금지 "
"93"," 로 이적한 부폰 사진 뉴스 이탈리아 축구 국가대표팀 레전드 골키퍼인 잔루이지 부폰 이 불혹의 나이에 파리생재르망 에서 프로선수 생활을 이어간다 파르마와 유벤투스를 거치며 프로선수 생활을 한 부폰이 이탈리아가 아닌 다른 나라 리그에서 뛰는 것은 이번이 처음이다 는 일 한국시간 구단 홈페이지를 통해 부폰과의 년 계약을 알렸다 는 시즌을 치른 뒤 부폰에 대한 년 연장 옵션 행사 여부를 결정한다 이로써 유벤투스를 떠나 은퇴설이 불거졌던 부폰은 에서 현역 생활을 이어가게 됐다 이는 한 차례도 이루지 못한 유럽축구연맹 챔피언스리그 우승을 위한 행보로 보인다 한편 부폰은 세계 최고 골키퍼로 꼽힌다 년 이탈리아 부리그 파르마를 통해 프로에 데뷔했고 년 유벤투스 골문을 지켰다 특히 번이나 매치에 나선 부폰은 년 독일월드컵에서 우승 트로피를 들어올렸고 클럽팀을 포함해 총 경기에 출전해 차례나 우승을 차지했다 김창성 기자 머니 페이스북 최신 웹툰이 매일 공짜 "
"94"," 날씨 절기 소서 상쾌한 공기 서쪽 다소 더워 절기 중 번째 절기에 접어들었습니다 소서는 대체로 장마철에 찾아오는 절기로 손꼽히는데요 다행히 장마전선이 힘을 쓰지 못하면서 오늘 대체로 맑아서 활동하기 좋겠습니다 깨끗한 동풍도 계속해서 불어오고 있어서 먼지 걱정도 없는데요 전국의 미세먼지 농도 좋음 단계를 나타내겠습니다 다만 오늘은 자외선에 유의하셔야겠습니다 한동안 구름에 가려져 있던 햇볕이 쨍하게 드러나면서 오늘은 전국의 대부분 지역의 자외선 지수가 매우 높음 단계를 나타낼 텐데요 주말 바깥활동 계획하신다면 자외선차단 크림을 꼼꼼하게 챙겨바르시는 게 좋겠습니다 동풍 덕에 날도 별로 덥지 않고 공기도 깨끗하지만 동해안과 제주도를 중심으로는 비가 오락가락하고 있습니다 이들 지역은 바람도 무척 강하게 불고 있어서 시설물 피해 없도록 조심하셔야겠습니다 오늘 낮기온 서울 도 전주와 경주 도로 서쪽지역은 낮 동안 다소 덥겠습니다 그래도 아침 저녁으로는 날이 서늘한 만큼 얇은 겉옷 챙기시기 바랍니다 장마전선이 차차 북상하면서 일요일 오후에 제주도를 시작으로 장맛비가 내리겠고요 월요일에는 전국으로 확대되겠습니다 지금까지 날씨 전해드렸습니다 김하윤 기상캐스터 기사문의 및 제보 카톡 라인 네이버 채널 구독 생방송 시청 대한민국 뉴스의 시작 앱 다운받기"
"95"," 서울 강성철 기자 일본 오사카한국문화원은 오는 일 오사카시 한국문화원 누리홀에서 일본인 재일동포 한국어 교사의 역량 강화를 위한 서일본지역 한국어강사 연수회 를 개최한다고 일 밝혔다 외국인이 본 한국어 를 주제로 열리는 이번 연수에서는 중 고교 대학교 시민강좌 등에서 한국어를 가르치는 교사 명을 대상으로 한국어교육자료 활용법 한국문화를 통한 교수법 등을 가르친다 김수현 국립국어원 학예연구사 박소현 가톨릭대 이현진 울산대 교수 이나가와 유우키 데즈카야마학원대학 교수 등이 강사로 나선다 문화원 관계자는 다양한 현장에서 한국어를 지도하는 교사들의 전문성을 향상하고 교육자 간 네트워크 구축을 위해 연수회를 마련했다 고 밝혔다 러시아 월드컵의 모든 것 뉴스가 보여요 유튜브 기사제보 및 문의 "
"96"," 모처럼 청명한 날씨를 보인 일 대전 갑천 일대 파란 하늘에 구름이 드리워져 있어 아름다운 모습을 연출하고 있다 뉴미디어부 사진 박지성과 다시 뜨겁게 러시아월드컵 최신 경기 하이라이트 영상 보러가기 김동식 포럼 김동식 작가 신작 단독 연재 바로 가기 무단복제 및 재배포 금지 "
"97"," 강희수 기자 코주부 캐릭터의 만화가 고 김용환 화백을 기념하는 만화 공모전이 월 일까지 출품작을 받고 있다 코주부 김용환 기념 전국 만화 공모전 은 김해문화재단이 주관하고 김해문화의전당이 추진하는 행사다 한국 현대만화의 아버지로 불리는 코주부 김용환 화백은 김해시 진영 출신이라 이번 공모전도 김해시가 주도하고 있다 공모전의 주제는 모두 가지다 김해 가야문화 그리고 코주부 김용환 선생 이다 주제어 김해 는 김해의 이미지가 가야 문화 는 고대 아름다운 가야 문화가 부각 되면 된다 김용환 주제어는 김해가 낳은 만화계의 거장 김용환 선생과 관련 된 주제면 된다 만화 장르는 네칸 만화 일러스트 웹툰 으로 구분 되고 세 가지 중 하나를 선택하거나 두 가지를 선택할 수도 있다 응모는 청소년 부문 중ㆍ고등학생 과 일반 부문 대학ㆍ일반인 으로 나눠 받고 있다 총상금은 만 원이다 코주부 김용환 대상 은 상금이 청소년부 만 원 일반부 만 원이다 우수상은 청소년부 만 원씩 편 일반부 만 원씩 편이고 장려상은 청소년부 만 원씩 편 일반부 만 원씩 편의 수상작을 가린다 그외 입선작은 응모작의 내에서 선정 된다 수상작은 월 일 발표 예정이며 월에 개최되는 김용환 기념 기획 전시전에 전시된다 김용환 화백 은 대한만화가 협회를 설립해 초대회장을 역임했고 삽화 역사화 풍속화 시사만화 아동만화 등 다양한 분야에서 활동했다 사진 코주부 김용환 기념 전국 만화 공모전 포스터 "
"98"," 서울 뉴시스 김진아 기자 일 충남 부여군 서동공원에서 열린 제 회 부여서동연꽃축제 개막식에서 주제공연으로 부여충남국악단의 서동의 노래 가 화려하게 펼쳐지고 있다 대한민국 문화체육관광부 선정 년 연속 우수축제로 선정된 이번 부여서동연꽃축제는 세계를 품은 궁남지 밤에도 빛나다 라는 주제로 일까지 열린다 사진 부여군 제공 사진 영상 제보받습니다 공감언론 뉴시스가 독자 여러분의 소중한 제보를 기다립니다 뉴스 가치나 화제성이 있다고 판단되는 사진 또는 영상을 뉴시스 사진영상부 로 보내주시면 적극 반영하겠습니다 "
"99"," 서울 뉴시스 김진아 기자 일 충남 부여군 서동공원에서 열린 제 회 부여서동연꽃축제 개막식에서 주제공연으로 부여충남국악단의 서동의 노래 가 화려하게 펼쳐지고 있다 대한민국 문화체육관광부 선정 년 연속 우수축제로 선정된 이번 부여서동연꽃축제는 세계를 품은 궁남지 밤에도 빛나다 라는 주제로 일까지 열린다 사진 부여군 제공 사진 영상 제보받습니다 공감언론 뉴시스가 독자 여러분의 소중한 제보를 기다립니다 뉴스 가치나 화제성이 있다고 판단되는 사진 또는 영상을 뉴시스 사진영상부 로 보내주시면 적극 반영하겠습니다 "
"100"," 서울 뉴시스 김진아 기자 일 충남 부여군 서동공원에서 열린 제 회 부여서동연꽃축제 개막식에서 박정현 부여군수와 연꽃이 국화인 베트남 인도 이집트 카메룬 캄보디아 몽골 스리랑카 대사가 화려한 개막 퍼포먼스를 펼치고 있다 대한민국 문화체육관광부 선정 년 연속 우수축제로 선정된 이번 부여서동연꽃축제는 세계를 품은 궁남지 밤에도 빛나다 라는 주제로 일까지 열린다 사진 부여군 제공 사진 영상 제보받습니다 공감언론 뉴시스가 독자 여러분의 소중한 제보를 기다립니다 뉴스 가치나 화제성이 있다고 판단되는 사진 또는 영상을 뉴시스 사진영상부 로 보내주시면 적극 반영하겠습니다 "
"101"," 서울 뉴시스 김진아 기자 일 충남 부여군 서동공원에서 열린 제 회 부여서동연꽃축제 개막식에서 박정현 부여군수와 연꽃이 국화인 베트남 인도 이집트 카메룬 캄보디아 몽골 스리랑카 대사가 화려한 개막 퍼포먼스를 펼치고 있다 대한민국 문화체육관광부 선정 년 연속 우수축제로 선정된 이번 부여서동연꽃축제는 세계를 품은 궁남지 밤에도 빛나다 라는 주제로 일까지 열린다 사진 부여군 제공 사진 영상 제보받습니다 공감언론 뉴시스가 독자 여러분의 소중한 제보를 기다립니다 뉴스 가치나 화제성이 있다고 판단되는 사진 또는 영상을 뉴시스 사진영상부 로 보내주시면 적극 반영하겠습니다 "
"102"," 그래픽 송정근 기자한류 팬들이 가장 만나보고 싶은 스타는 누구일까 최근 팝 열풍에 다시 불을 지핀 방탄소년단일까 지난해 기준으로는 가수 싸이였다 위는 이민호 위는 송중기 위는 송혜교가 차지했다 방탄소년단은 위였다 지역별 한류 맹주 도 다르다 중국어권에서는 송중기 송혜교가 가장 환대 받고 중동에서의 인기는 이민호가 최고다 방탄소년단은 북미와 남미 등 미주 지역에서 인기가 높다 한국국제문화교류진흥원이 지난 월 발간한 한류 백서 는 해외 팬들의 한류에 대한 거의 모든 인식을 살핀다 가장 좋아하는 방송프로그램 종류를 비롯해 한국 화장품에 대한 인식 공연 한류와 관광 한류의 가능성까지 담았다 한국국제문화교류진흥원은 년 한류총서 를 시작으로 매년 한류의 현황을 담은 책자를 내놓고 있다 한류 백서 에 따르면 해외 한류 동호회 수는 개국 개다 이들 동호회 회원을 다 합하면 만명이다 남한 인구보다 배 많은 사람들이 한국 대중문화에 호감을 가지고 있는 셈이다 이소라 기자 단독 장자연 사건 진술조서 전문 공개 네이버 채널에서 한국일보를 구독하세요 한국일보 무단 전재 및 재배포 금지 "
"103"," 차별성 희소성 매력 요소 부각구매자 독일차 보유 경험 마세라티 기블리 서울경제 자동차 시장 개방이 년을 넘으면서 메르세데스 벤츠 아우디 등 독일 사 차를 일부 또는 전부 경험해 본 고객이 많아졌다 이들이 관심을 보이는 차는 어떤 차일까 수입차 업계에 따르면 스포츠 세단 중엔 이탈리아 고성능차 브랜드 마세라티의 엔트리카 기블리 가 큰 관심을 받고 있다 마세라티가 구매 고객을 대상으로 조사한 결과에 따르면 과거 독일 사 차를 보유했던 고객 비중이 를 넘는다 년간 수입차 시장을 이끌고 있는 독일차는 이미 경험해 봤으니 새로운 감성의 차를 타보고 싶다는 사람이 마세라티 구매자의 절반을 넘는다는 것이다 마세라티 차종 중에서 특히 기블리 는 독일 사 차를 보유했던 고객 비중이 에 달한다 기블리는 억 만원부터 시작하는 고가 차지만 마세라티 내에서는 엔트리 차다 상대적으로 접근성이 높다는 점에서 보다 넓은 소비자층의 관심을 받는다 마세라티는 년 약 대 지난해에는 대 넘게 팔리며 급상승세를 타고 있다 이 중 기블리는 지난해 대가 팔리고 올 상반기에도 대가 판매되며 마세라티 판매를 이끌고 있다 마세라티 관계자는 수입차 소비자 사이에서 남과 차별되는 멋 과 희소 가치 가 중요한 선택 포인트로 떠올랐다 면서 마세라티의 차별성과 희소성이 독일 사 브랜드를 경험한 국내 소비자들에게 매력 요소로 작용한 결과 라고 설명했다 기블리는 페라리가 공급한 ℓ급 가솔린 또는 디젤 엔진을 탑재한 도어 시트 스포츠 세단이다 가솔린 최상위 모델의 최고출력은 마력 디젤 모델의 최대토크는 에 달하는 고성능을 자랑한다 그란루소 와 그란스포트 두 가지 디자인 라인으로 나온다 가격은 억 만 억 만원 맹준호기자 서울경제 바로가기 이제 주식시세도 서울경제에서 확인하세요 바로가기 블록체인의 모든 것 서울경제 바로가기 저작권자 서울경제 무단 전재 및 재배포 금지 "
"104"," 일간스포츠 이승한기자 라이프 스타일 웨어 브랜드 스위브 가 래쉬가드 신제품 출시와 동시에 오션월드와 콜라보레이션 이벤트를 진행했다고 밝혔다 메가 이벤트를 통해 스위브 래쉬가드 포함 만원이상 구매고객에게 대명리조트 워터파크 무료입장권 월 일 토 스위브 데이 무료입장 을 오션월드 비발디파크 명 오션베이 거제마리나 명 오션파크 천안 명에게 증정하는 이벤트를 일 진행했다 차 이벤트로는 스위브 신상 비치웨어를 구매할 경우 모든 고객에게 전국 대명리조트 워터파크 할인권을 증정한다 신상 스위브 래쉬가드는 자외선 차단 최고 지수인 등급의 원단을 사용 하여 자외선을 차단하며 뜨거운 태양 밑에서도 강한 자외선차단용 제품이다 또한 방향 스트레치와 빠른 흡수 건조 기능으로 원단이 사방으로 늘어나고 복원성이 우수하여 자유로운 활동성을 극대화하고 수분을 빠르게 흡수 건조 시켜 물놀이 후에 급격한 체온 변화를 방지해준다 한편 일 오션월드에서는 스위브와 함께하는 해시태그 이벤트를 현장에서 진행한다 이승한기자 일간스포츠 페이스북 트위터 웨이보 일간스포츠 무단 전재 및 재배포 금지 "
"105"," 그림 조각 전시 남미의 거장 마우리시우 지 소우자 작품전모니카 리자 년 마우리시우 지 소우자 왼쪽 토끼 귀걸이를 한 모니카 년 서울 뉴스 여태경 기자 모나리자 진주 귀걸이를 한 소녀 등 세계 각국의 명화들이 어린이들도 쉽게 즐길 수 있는 만화 캐릭터로 재탄생했다 문화콘텐츠전문기업 가우디움어소시에이츠 대표이사 김대성 는 세계 유명 미술관이 소장한 명화를 만화 캐릭터로 재해석한 모니카와 떠나는 세계명화 여행전 을 오는 일부터 개최한다 남미의 월트 디즈니 로 불리는 마우리시우 지 소우자 는 년 자신의 살 난 딸을 모델로 창조한 모니카 캐릭터로 전 세계적인 만화 작가로 발돋움했다 그는 년 루브르 박물관에서 모나리자를 감상하다가 인류의 보물인 세계 명화를 자신만의 캐릭터로 재해석해 아이들에게 쉽게 이해할 수 있도록 하겠다 고 결심했고 년 넘게 작가의 꿈을 캔버스에 옮겼다 이번 전시에서는 모니카 캐릭터를 넣어 다시 그린 세계 명화 및 조각 점과 만화가 마우리시우의 작품 세계가 담긴 원화 및 오리지널 드로잉 점 등 총 여점의 작품을 선보인다 영화 어벤져스 스타워즈 배트맨 반지의 제왕 등을 패러디한 만화 작품도 만나볼 수 있다 모니카와 떠나는 세계명화 여행전 은 브라질 개 도시에서 차례로 열려 만명을 동원했던 의 아시아 순회전으로 서울에서는 처음으로 열린다 전시는 월 일부터 월 일까지 홍익대학교 대학로 아트센터 갤러리 에서 열린다 뉴스 채널설정하기 제보하기 러시아 월드컵 기사보기 뉴스 코리아 무단 전재 및 재배포 금지 "
"106"," 앵커 주말인 오늘은 본격적인 더위가 시작된다는 절기 소서 입니다 서쪽 지방은 이맘때 더위를 보이겠고 동쪽 지방은 비교적 선선하겠습니다 오늘은 중계차가 더위를 잊게 해줄 물총 축제 현장에 나가 있다고 하는데요 현장 연결해보겠습니다 박현실 캐스터 오늘 물놀이 하기에 최적의 날씨라고요 캐스터 오늘은 생각보다 더위도 심하지 않고 선선한 동풍이 불며 공기도 참 깨끗합니다 야외에서 물놀이 즐기기에 제격이 아닐까 싶은데요 이곳 연세로는 잠시 후 시에 시작될 물총축제 준비로 한창입니다 올해 축제는 신촌을 차지하려는 로봇 군단 과 인간 이 맞서 싸운다는 주제로 물총 싸움이 펼쳐집니다 올해로 회째를 맞는 신촌물총축제는 입장료 없이 남녀노소 누구나 참여 가능합니다 흥미로운 공연과 버블 파티 워터슬라이드 등 다양한 즐길 거리가 마련돼 있으니까요 주말 동안 특별한 계획 세우지 않으셨다면 신촌물총축제에서 더위와 스트레스를 모두 날려보시는 것도 좋겠습니다 주말인 오늘 대체로 맑은 가운데 심한 더위도 없겠습니다 서울과 대전 도 광주 도까지 오르겠고 동해안 지역은 강릉 도 울산 도에 머물며 선선하겠습니다 휴일인 내일도 내륙은 비 소식 없이 후텁지근 하겠고요 내일 오후부터 제주도에 장맛비가 내리기 시작해 다음 주 월요일에는 전국에 장맛비가 오겠습니다 주말을 맞아 바닷가로 피서 떠나신 분들도 많으실 텐데요 현재 동해와 남해상에 풍랑특보가 내려진 가운데 내일까지 동해안에 너울성 파도가 높게 일겠습니다 해안가 안전사고에도 주의하시기 바랍니다 바람은 불지만 햇살이 강해서 자외선 지수가 무척 높습니다 자외선 차단제 꼼꼼히 챙겨 바르시기 바랍니다 지금까지 박현실입니다 시간 실시간 뉴스 생방송 보기 러시아 월드컵 기사모음 저작권자 무단전재 및 재배포 금지 "
"107"," 날씨 절기 소서 파란 하늘 공기 깨끗 자외선 요즘 장마에 태풍 소나기까지 비소식이 참 잦았지만 오늘은 일부를 제외하고는 대체로 구름만 지나면서 활동하기 좋겠습니다 오늘 낮기온 서울 기준으로 도로 어제보다 소폭 오를 텐데요 그래도 습도가 높지 않아서 낮 동안 햇볕은 뜨겁더라도 후텁지근한 불쾌함은 한결 덜하겠습니다 오늘 구름 사이로 볕이 강하게 내리쬡니다 한동안 걱정 없었던 자외선도 오늘은 전국 대부분 지역에서 매우 높음 단계를 나타내겠습니다 주말 바깥활동 계획하신다면 자외선 차단크림을 꼼꼼하게 챙겨바르시기 바랍니다 오늘도 먼지 걱정 없습니다 대기확산이 원활해서 전국의 미세먼지 농도 종일 좋음 단계를 유지하겠습니다 현재 동풍의 영향을 받는 강원 영동과 영남 동해안 지역 제주도는 종일 비가 오락가락하겠습니다 이들 지역은 바람도 강하게 부는 만큼 시설물 피해 없도록 조심하시기 바랍니다 오늘 낮기온 서울 도 전주와 광주 도로 서쪽지역은 후텁지근하겠습니다 다만 아침 저녁으로는 날이 서늘한 만큼 얇은 겉옷 챙기시는 게 좋겠습니다 장마전선이 차차 북상하면서 오후에 제주도를 시작으로 장맛비가 내리기 시작하겠고요 월요일에는 전국으로 확대되겠습니다 지금까지 날씨 전해드렸습니다 김하윤 기상캐스터 기사문의 및 제보 카톡 라인 네이버 채널 구독 생방송 시청 대한민국 뉴스의 시작 앱 다운받기"
"108"," 리즈마재단 월 일 보은 나인밸리포레스트에서 행사 보은 뉴시스 김재광 기자 뉴욕 종합교육기관인 리즈마재단 김민선 여 회장이 고향인 충북 보은에서 썸머페스티벌 을 연다 리즈마재단은 오는 월 일 충북 보은군 마로면 나인밸리포레스트에서 리즈마 국제 썸머 페스티벌 캠프 를 개최한다고 일 밝혔다 고 김준철 청주대 이사장의 딸인 김 회장은 청주에서 태어나 청주여고 이화여대 음대를 졸업한 뒤 년 미국으로 건너간 뒤 년 월 일 롱아일랜드 힐사이드 애비뉴에 리즈마재단을 설립했다 이번 행사에는 맨해튼 음대 학과장인 알버트 마르코프 교수 상트페테르부르크 음악원 교수인 타마라 보둡나야 교수 뉴욕 놀스쇼어 심포니의 수석 첼로 연주자 박정윤 교수 등이 참여한다 리즈마재단은 음악 미술 입시 전문학원으로 출발해 음악 과학 등 대입 준비를 돕는 교육기관으로 성장했다 국제음악경연대회 음악대학 장학생 선발 경연대회 뉴욕청소년콘서트경연대회 등을 통해 세계적인 연주자를 양성하고 있다 뉴시스 빅데이터 주가시세표 바로가기 뉴시스 페이스북 트위터 "
"109"," 경기 연속 출루를 기록한 추신수 사진 뉴시스추신수가 경기 연속 홈런으로 경기 연속 출루 행진을 이어갔다 추신수 텍사스 레인저스 는 일 한국시간 미국 디트로이트의 코메리카파크서 열린 메이저리그 디트로이트 타이거즈와의 원정경기에 번 지명타자로 선발 출전 솔로포를 포함해 타수 안타 타점 득점을 기록했다 추신수는 이날 지난 일 휴스턴 애스트로스전 시즌 호포에 이어 호 솔로포를 작렬시켰다 회초 선두타자로 나선 추신수는 상대 선발 조던 짐머맨의 마일 직구를 받아쳐 중월 솔로 아치를 쏘아올렸다 호 솔로포로 추신수는 일찌감치 경기 출루 행진을 찍었다 앞서 추신수는 일 휴스턴전 대형 호 홈런으로 경기 연속 출루를 달성 메이저리그 아시아 선수 연속경기 출루 기록을 세웠다 이전 기록은 출루 안타 제조기 인 일본의 이치로 스즈키 가 년 세운 경기였다 추신수가 다음 경기에서 출루를 이어가면 텍사스 구단 기록인 훌리오 프랑코의 경기 년 와 타이를 이룬다 한편 현역 선수 최장 연속 출루 기록은 조이 보토 신시내티 레즈 와 알버트 푸홀스 에인절스 가 보유한 경기다 박정웅 기자 머니 페이스북 최신 웹툰이 매일 공짜 "
"110"," 영화 서버비콘 포스터미국에서 가장 살기 좋은 마을로 꼽히는 서버비콘 에서 일어나는 잔혹한 범죄 영화 서버비콘 감독 조지 클루니 은 서버비콘에 살고 있는 행복한 가장 가드너 맷 데이먼 와 쌍둥이 자매 로즈와 마가렛이 등장한다 남부러울 것 없는 삶을 사는 가드너는 마가렛과 함께 새로운 삶을 살기 위해 자신의 아내이자 마가렛의 쌍둥이 언니인 로즈를 살해할 계획을 세운다 치밀한 작전으로 로즈는 살해당하지만 의외의 목격자로 인해 가드너는 궁지에 몰린다 연약한 아내인 로즈 치명적인 매력을 지닌 마가렛을 연기하는 줄리안 무어는 인물들이 의도한 대로 흘러가지 않는 상황과 결국 자기 자신을 덫으로 이끄는 설정이 모두 흥미로웠다 며 촬영 소감을 밝혔다 가드너가 세운 완벽한 계획이 의외의 목격자로 인해 흐트러지며 돌이킬 수 없는 결말로 치닫는 범죄 잔혹극 서버비콘 은 오는 일 개봉한다 장운경 인턴기자 "
"111"," 영화사 마농남편이 수감돼 홀로 남겨진 중년 여성 한나 샬롯 램플링 가 인생의 마지막으로 향하는 며칠 동안의 일상을 다룬 영화 한나 감독 안드레아 팔라오로 의 메인 예고편이 공개됐다 항상 같은 표정으로 세상을 바라보며 무기력하고 고독하게 살던 한나는 엄마로서 아내로서 여자로서 홀로 자신의 삶과 조용히 싸운다 수감된 남편은 한나에게 아들을 절대 용서하지 말라는 말을 남기는 한편 한나는 아들에게 찾아가지만 아들로부터 냉정하게 외면받는다 그는 어느 날 내 자신이 어떤지 나를 둘러싼 주변도 둘러보고 싶고 라 말하며 자신의 삶을 다시 매만지기 시작한다 아무도 돌보지 않는 삶의 구석에서 끊임없이 자신을 찾던 한나가 맺게 될 삶의 결말은 어떤 모습일까 제 회 베니스국제영화제 여우주연상 수상작 한나 는 오는 일 개봉한다 장운경 인턴기자 "
"112"," 넷플릭스 프랑스 영화로 뱅상 엘바즈 마리소피 페르단 피에르 베네지가 출연한 영화 거꾸로 가는 남자 현재 넷플릭스 에서 상영중이다 영화 거꾸로 가는 남자 의 원제는 으로 단순하게 현실의 상황을 뒤집어서 나타냄으로써 성차별에 대해 잘 보여주고 있다 이 영화는 여자를 꽃이나 사냥감 정도로만 여긴 주인공 다미앵 이 여성이 지배하는 세상에서 깨어나 사냥감 신세로 전락한 모습을 보여준다 과거의 자신과 닮은 여성 작가에 맞서 존엄성을 지키며 살아가야 한다 영화 거꾸로 가는 남자 는 영화관에서는 상영하고 있지 않으며 넷플릭스 를 통해 관람할 수 있다 박자영 인턴기자 "
"113"," 롯데갤러리 영등포점아방 개인전 가 일까지 롯데갤러리 영등포점에서 개최된다 관람시간은 평일 오전 시 분부터 오후 시 주말 금 일 오전 시 분부터 오후 시 까지로 백화점 영업 시간과 동일하다 출품작으로는 아방 작가의 드로잉 회화 입체조형물 등 총 여점이 있다 이번 전시에서는 주로 연작을 통해 아름다움 이라는 판단이 존재하긴 전 모든 것의 가치의 다양성이 평화롭게 공존하던 세계와 그 여인들의 이야기를 담아냈다 롯데갤러리 영등포점주로 등장하는 작품 속 여인들은 거구의 몸 강인하고 고집스러워 보이는 큰 얼굴 등 현대 사회에서 통용되는 미의 기준으로 보았을 때 아름답지 않다 이들의 마치 대단한 용기 있는 혹은 화가 난 고발자들처럼 얼굴과 몸짓을 과도하게 부풀리고 노려보는 듯한 그 강렬한 눈빛과 포즈는 붉디 붉은 색채와 맑은 푸른 색의 대비가 어우러져 그들을 오히려 더욱 매혹적으로 느껴지게끔 만든다 롯데갤러리 영등포점작가는 현대 사회 속 정형화된 아름다움에 의문을 던지며 완벽하지 못한 것 부족한 것 찌그러진 것은 과연 가치가 없는 것인가 라는 질문을 계속 시도한다 상대적인 기준이 만들어낸 오늘날의 미 美 에 대해 끊임없이 의심하며 아름다움이란 겉으로 드러난 형태가 아니라 내면에서 뿜어져 나오는 고유의 분위기와 느낌 그 대상을 둘러싼 이야기 속에서 발견할 수 있음을 상기시킨다 아방의 이러한 연작은 우리가 모르는 사이 지니게 된 아름다움에 대한 고착 을 고찰하며 얽매이지 않는 그 자체로서의 아름다움에 대해 고민해 볼 수 있는 계기를 제공한다 박자영 인턴기자 "
"114"," 사진 출처 장마철이 다가오면서 빗길 사고에 대한 운전자들의 걱정이 늘고 있다 노면이 많이 젖어있을 경우 타이어의 접지력이 떨어져 사고가 나기 쉽기 때문이다 장마철 쾌적하고 안전한 주행을 위한 장마철 차량관리법을 소개한다 가장 중요한 부분은 타이어 공기압이다 장마철에는 타이어 공기압을 평소 대비 가량 높게 유지하는 것이 좋다 타이어 공기압이 높아지면서 타이어와 노면 사이의 배수가 원활해져 접지력이 높아진다 또 공기압이 높을수록 주행 안정성 또한 좋아진다 같은 맥락에서 타이어 마모도도 확인해야 한다 타이어가 마모한계선까지 닳게되면 제동력이 현저히 감소하기 때문이다 원짜리 동전을 타이어 홈에 넣고 이순신 장군의 모자가 반 이상 보인다면 꼭 타이어를 교환해야 한다 와이퍼도 제대로 작동하는지 점검해야 한다 우천 시 안전한 시야 확보를 위해서는 와이퍼가 중요하다 와이퍼를 작동했을 때 소음이 나거나 유리창의 물이 잘 닦이지 않는다면 반드시 교환해주는 것이 좋다 간혹 와이퍼를 교환했는데도 잘 닦이지 않는다면 앞유리의 유막을 제거해야 한다 이밖에 에어컨 필터도 미리미리 교체해주는 것이 좋다 습한 장마철엔 에어컨 필터에 곰팡이가 쉽게 생긴다 에어컨 사용 시 불쾌한 냄새가 나는 것도 이 때문이다 교환 시기를 확인하고 계절이 바뀔 때마다 교환해주는 것이 운전자 건강에도 좋다 상습 침수 지역은 되도록 피하는 것이 좋다 배수가 잘 되지 않는 지역에 장마철 폭우가 쏟아질 경우 급격하게 물이 불어날 수 있기 때문이다 주변 침수 지역을 미리 파악하는 것이 중요하며 타이어 휠의 반 이상이 잠기는 지역은 피하는 것이 좋다 야외 주차를 삼가는 것도 불의의 사고를 막는 좋은 습관이다 국 김경택 기자 뉴스 이상의 무궁무진한 프리미엄 읽을거리 아나운서가 직접 읽어주는 오늘의 주요 뉴스 매일경제 무단전재 및 재배포 금지 "
"115"," 남해 뉴시스 차용현 기자 본격적인 더위가 시작된다는 소서 小暑 절기인 일 오전 경남 남해군 남면 다랭이마을 인근에서 바라본 바다 위에는 파란 하늘이 흰 구름 사이로 모습을 드러내고 있다 사진 영상 제보받습니다 공감언론 뉴시스가 독자 여러분의 소중한 제보를 기다립니다 뉴스 가치나 화제성이 있다고 판단되는 사진 또는 영상을 뉴시스 사진영상부 로 보내주시면 적극 반영하겠습니다 "
"116"," 남해 뉴시스 차용현 기자 본격적인 더위가 시작된다는 소서 小暑 절기인 일 오전 경남 남해군 남면 다랭이마을 인근에서 바라본 바다 위에는 파란 하늘이 흰 구름 사이로 모습을 드러내고 있다 사진 영상 제보받습니다 공감언론 뉴시스가 독자 여러분의 소중한 제보를 기다립니다 뉴스 가치나 화제성이 있다고 판단되는 사진 또는 영상을 뉴시스 사진영상부 로 보내주시면 적극 반영하겠습니다 "
"117"," 남해 뉴시스 차용현 기자 본격적인 더위가 시작된다는 소서 小暑 절기인 일 오전 경남 남해군 남면 다랭이마을 인근에서 바라본 바다 위에는 파란 하늘이 흰 구름 사이로 모습을 드러내고 있다 사진 영상 제보받습니다 공감언론 뉴시스가 독자 여러분의 소중한 제보를 기다립니다 뉴스 가치나 화제성이 있다고 판단되는 사진 또는 영상을 뉴시스 사진영상부 로 보내주시면 적극 반영하겠습니다 "
"118"," 남해 뉴시스 차용현 기자 본격적인 더위가 시작된다는 소서 小暑 절기인 일 오전 경남 남해군 남면 다랭이마을 인근에서 바라본 바다 위에는 파란 하늘이 흰 구름 사이로 모습을 드러내고 있다 사진 영상 제보받습니다 공감언론 뉴시스가 독자 여러분의 소중한 제보를 기다립니다 뉴스 가치나 화제성이 있다고 판단되는 사진 또는 영상을 뉴시스 사진영상부 로 보내주시면 적극 반영하겠습니다 "
"119"," 남해 뉴시스 차용현 기자 본격적인 더위가 시작된다는 소서 小暑 절기인 일 오전 경남 남해군 남면 다랭이마을 인근에서 바라본 바다 위에는 파란 하늘이 흰 구름 사이로 모습을 드러내고 있다 사진 영상 제보받습니다 공감언론 뉴시스가 독자 여러분의 소중한 제보를 기다립니다 뉴스 가치나 화제성이 있다고 판단되는 사진 또는 영상을 뉴시스 사진영상부 로 보내주시면 적극 반영하겠습니다 "
"120"," 구월의 살인효종 즉위년 년 도성 한복판에서 일어났던 실제 살인 사건이 작가 특유의 세밀한 상상과 함께 소설로 펼쳐진다 오직 자신의 안위와 욕망에만 충실한 사람들 속에서 범인은 사랑을 위해 끝까지 나아가며 추적자는 진실을 좇는다 살인 사건을 둘러싼 등장인물들의 모습은 독자들로 하여금 우리가 진정 주목해야 하는 것 에 대해 고민하게 한다 김별아 해냄 만 원 사의 찬미 선덕여왕 등 역사 속 여성의 삶을 그려온 저자가 이번엔 일제감정기 신여성이자 우리나라 최초 여성 성악가 윤심덕의 삶을 조명한다 여성이라는 이유로 겪은 수모와 모욕 당대 사회에 반하는 가치관을 지녀 쏟아진 비난 등 윤심덕과 사회의 갈등을 담았다 유부남 김우진과 윤심덕의 사랑은 사회 윤리와는 어긋날지라도 저자는 그들을 통해 오늘날 우리에게 던지는 메시지를 고찰한다 한소진 해냄 만 원 외로워서 배고픈 사람들의 식탁프랑스에서 년간 살아온 저자는 자국민과 이방인 수용과 혐오 배고픔을 달래기 위한 끼니와 고급 레스토랑에서의 미식 등 경계선이 그어지는 공간이자 그 경계선을 지우고자 하는 장소로 식탁을 묘사한다 집밥을 먹을 수 없는 이방인 여성으로서 더 생생하게 느낀 개 식탁의 현장을 통해 우리는 누구나 서로에게 이방인이며 미각은 어디에서나 통하는 언어라는 점을 시사한다 곽미성 어떤책 만 원장운경 인턴기자 "
"121"," 대전 이은파 기자 모처럼 청명한 날씨를 보인 일 대전 갑천 일대 파란 하늘에 구름이 드리워져 있어 아름다운 모습을 연출하고 있다 러시아 월드컵의 모든 것 뉴스가 보여요 유튜브 기사제보 및 문의 "
"122"," 대전 이은파 기자 모처럼 청명한 날씨를 보인 일 대전 갑천 일대의 파란 하늘에 구름이 드리워져 있어 아름다운 모습을 연출하고 있다 러시아 월드컵의 모든 것 뉴스가 보여요 유튜브 기사제보 및 문의 "
"123"," 예술의 전당오는 월 일 저녁 시에 예술의전당 챔버홀에서 하노버 국제 콩쿠르 우승 루체른 페스티벌 데뷔 무대 전석 매진 등 화제를 일으키며 클래식 음악계에서 주목 받고 있는 바이올리니스트 김다미 와 제네바 콩쿠르와 부조니 콩쿠르 위를 차지하며 한국 음악계에 새로운 역사를 쓴 문지영 이 슈만의 바이올린 소나타 전곡 연주로 관객을 유혹한다 슈만이 말년에 동시적으로 작곡한 바이올린 소나타 번은 까다로운 만큼 환상적이고 아름다운 선율이 매혹적이다 하지만 슈만의 강한 개성과 말년의 내면적 갈등 그리고 까다로운 기교로 인해 연주자들도 섣불리 도전하지 못하는 레퍼토리인 만큼 그동안 국내에서 전곡연주를 거의 접하기 어려웠다 특히 세기 들어서 발견된 소나타 번의 경우는 실연 자체를 경험할 수 있는 기회 자체가 없었기 때문에 더욱 특별한 무대가 될 예정이다 박자영 인턴기자 "
"124"," 흰물결 아트센터제주도에 거주하는 이은경 작가의 개인전 새콤달콤한 행복 이 오는 월 일까지 서울 서초 흰물결갤러리에서 열린다 이번 전시회에서는 내 안에 사과 있다 등 아크릴물감으로 표현한 다양한 과일 작품들을 만날 수 있다 제주에서 과일나무는 대학나무 라고 불릴 정도로 한 가정의 생계에 큰 영향을 미친다 작가는 씨앗이 대지를 만나 싹을 틔우고 열매를 맺고 그 열매가 다시 씨앗을 품는 과일 나무의 성장과정을 직접 지켜본다 이 작가는 이번 전시에 대해 인간의 삶도 한 알의 열매와 같다 이번 작품도 많은 이의 마음에 행복이라는 싹을 틔우는 달콤한 씨앗이 되길 바란다 고 기획 의도를 밝혔다 장운경 인턴기자 "
"125"," 주말인 오늘 일 과 내일 일 은 동해북부해상에 위치한 고기압의 가장자리에 들어 전국에 구름이 많겠으나 일부 지역에는 빗방울이 떨어질 것으로 예상된다 자료사진 데일리안이번 주말에는 동해북부해상에 위치한 고기압의 가장자리에 들어 전국에 구름이 많겠으나 일부 지역에는 빗방울이 떨어질 것으로 예상된다 일 기상청에 따르면 이 날 아침 최저기온은 도 낮 최고기온은 도로 예상됐고 일요일인 일에는 전국에 가끔 구름이 많은 가운데 장마전선의 영향으로 제주에 안팎의 약한 비가 내릴 전망이다 아침 최저기온은 도 낮 최고기온은 도로 예보됐다 기상청은 당분간 평년보다 기온이 다소 낮을 것으로 내다봤다 대기 확산이 원활해 전국 모든 지역에서 미세먼지 농도는 좋음 수준을 나타낼 것으로 보인다 또 전날에 이어 이날도 바람이 강하게 불고 물결이 매우 높게 일 것으로 보여 항해 조업하는 선박은 안전에 유의해야 할 것으로 예상된다 바다의 물결은 동해 앞바다와 먼바다에서 와 남해 앞바다와 먼바다에서 와 로 높게 일겠고 서해 앞바다와 먼바다의 파고는 와 로 예상된다 동해 해상에는 너울로 인한 높은 물결이 해안도로나 방파제를 넘는 곳도 있을 것으로 관측됐다 데일리안 팀 주 데일리안 무단전재 변형 무단배포 금지 "
"126"," 교보문고나도 내 감정과 친해지고 싶다내 감정에 휘둘리지 않고 내 감정과 친구가 되고 싶은 사람들을 위한 인생지침서다 상담학 박사인 저자는 이 책에서 감정에 대해 제대로 알고 친해지는 법을 소개한다 이 책을 통해 자신의 감정을 제대로 알고 드러내는 것만으로도 당신의 삶에 생기가 살아날 것이다 황선미 메이트북스 만 원 교보문고니키 드 생팔 요코 마즈다이 책은 니크 드 생팔의 컬렉터이자 팬 그리고 친구였던 요코 마즈다의 입장에서 쓴 것이다 여성이기 때문에 시대적 상황 때문에 자신의 꿈을 마음껏 펼칠 수 없었던 요코는 니키 드 생팔을 만나면서 자신이 바라는 모습으로 삶을 꾸려 나간다 구로이와 유키 만 원박자영 인턴기자 "
"127"," 아라리오뮤지엄 인 스페이스아라리오뮤지엄 인 스페이스에서 빠르게 변하는 공사현장과 같은 현대사회를 추상적으로 그려내는 젊은 회화작가 구지윤의 개인전이 오는 월 일까지 전시된다 전시 제목 은 구지윤 작가가 이전 홍콩 여행을 하다가 밤에도 불이 꺼지지 않는 거리로부터 들려오는 다양한 소리에서 받은 느낌을 작가만의 추상적 언어로 표현한 것이다 사실상 보라색 소음은 숙면에 도움을 주는 소리를 지칭하는 용어지만 구지윤 작가에게는 오히려 방해요소로 다가 온 것이다 그 후 소리에 집중하기 시작한 작가는 소음에 익숙한 현대인들에게 있어 조용한 적막이 오히려 불안감을 안겨주는 요소가 될 수 있다는 것에 주목하며 작품을 통해 시끄러움이 일상이 되어버린 현대사회의 단면을 드러내고자 했다 박자영 인턴기자 "
"128"," 제천시 무단 방치 차량 신고 최근 년간 건 제천 김형우 기자 타다가 쓸모없게 되자 무단 방치된 차량으로 인해 지방자치단체들이 골머리를 앓고 있다 흉물로 전락해 도시 미관을 해치거나 이면도로에 세워져 통행을 방해하는 사례도 빈번하다 지난 월 일 충북 제천시 영천동에 화물차가 오랜 기간 주차돼 통행을 방해한다는 신고가 시청에 접수됐다 담당자가 현장에 나가 확인해보니 비좁은 골목길에 노후한 화물차가 자리를 잡고 있었다 신고한 주민은 방치된 화물차 뒤 칸에 쓰레기를 버려 미관까지 해치고 있다 고 하소연했다 시 공무원이 연락처를 수소문해 차를 치워달라고 요청했으나 차주는 누가 그런 터무니 없는 신고를 했느냐 며 되레 핀잔을 줬다 시청관계자는 다행히 차주와 연락이 돼 차를 치울 수 있었지만 아예 차주와 연락이 안 되는 경우가 많다 며 이런 경우 임의로 처분하기도 어렵다 고 말했다 방치된 화물차 제천시청 제공 자료사진 제천시에 따르면 최근 년간 무단 방치 차량 신고 건수는 건에 달했다 차주와 연락이 안 돼 폐차된 게 대 승용차 대 이륜차 대 나 됐다 장기 방치 차량은 폐차 절차가 귀찮아서 버리는 경우도 있지만 압류를 당하거나 담보물로 잡혀 처분이 어려운 경우가 많다 제천시는 오는 일까지 자동차 관리법 위반 혐의 무단방치 를 받는 대상자 명에 대해 조사할 방침이다 차량 소유주가 관리할 의사를 보이면 장기 방치 차량에 해당하지 않지만 무단 방치했다 적발되면 년 이하의 징역이나 천만원 이하의 벌금형에 처한다 러시아 월드컵의 모든 것 뉴스가 보여요 유튜브 기사제보 및 문의 "
"129"," 더위 피하는 시민 사진 토요일이자 본격적인 더위가 시작된다는 소서 小暑 인 일 고기압의 가장자리에 들어 전국에 구름이 많은 가운데 동해안과 제주도는 안팎의 약한 비가 오는 곳이 있겠습니다 오전 시 각 지역의 기온은 서울 도 인천 도 수원 도 춘천 도 강릉 도 청주 도 대전 도 전주 도 광주 도 제주 도 대구 도 부산 도 울산 도 창원 도 등입니다 낮 최고기온은 도로 예보돼 평년 도 과 비슷하거나 약간 낮겠습니다 기상청은 당분간 북동쪽에서 찬 공기가 유입돼 평년보다 기온 분포가 낮을 것으로 내다봤습니다 대기 확산이 원활해 미세먼지 농도는 전국 모든 지역에서 좋음 수준을 나타낼 것으로 보입니다 동해안에는 동풍의 영향으로 안개가 끼는 곳이 있겠습니다 동해안과 남해안 제주에 바람이 강하게 불겠으며 그 밖의 지역에도 약간 강하게 부는 곳이 있을 것으로 보여 시설물 관리와 안전사고에 유의할 필요가 있습니다 동해와 남해 제주 해상에 풍랑특보가 발효된 가운데 바람이 강하게 불고 물결도 높게 일 것으로 보입니다 바다의 물결은 동해 앞바다와 먼바다에서 와 남해 앞바다와 먼바다에서 와 로 높게 일겠습니다 서해 앞바다와 먼바다에서는 와 로 일겠습니다 동해안에는 너울로 인해 높은 물결이 해안도로나 방파제를 넘는 곳이 있겠습니다 팀 무단전재 및 재배포 금지 "
"130"," 아트사이드 갤러리모양을 낸 진흙 점토를 구워 만드는 테라코타 로 독자적인 작품세계를 구축해온 한애규 작가의 개인전 푸른길 이 서울 종로구 아트사이드 갤러리에서 일까지 열린다 한애규 작가는 년대부터 자신의 일상에서 느끼는 여성의 삶과 존재에 대한 긍정적인 사유를 주로 흙으로 표현해왔다 이번 전시 푸른길 에서도 테라코타 작품을 만날 수 있다 흙으로 빚은 인물상 동물상 반인반수 등의 작품은 작가 자신의 모습을 대변하면서 자신의 조상이었던 여인을 상징한다 흙을 이용해 모나지 않고 둥글게 빚은 형상은 한 작가의 주요 조형 요소다 단순한 조각 형태와 곡선은 작품세계 전반을 관통하며 테라코타 특유의 질감과 따뜻하고 부드러운 색채와 조화를 이룬다 한 작가는 이번 전시를 통해 자신을 둘러싼 삶의 테두리 안에서 얻은 경험과 깨달음으로 우리 삶 속 본연의 모습과 그 존재들을 시각적으로 입체적으로 보여주고자 했다 고 밝혔다 장운경 인턴기자 "
"131"," 날씨 서쪽 덥고 동쪽 선선 미세먼지 농도 좋음 절기 소서인 오늘 서쪽과 동쪽의 기온차가 크게 벌어집니다 낮기온 서울 도 광주 도로 낮 동안 다소 더울 텐데요 다만 서늘한 바닷바람이 계속해서 유입되고 있는 동해안 지역은 종일 선선하겠습니다 강릉을 포함한 동쪽지역은 낮기온이 도 안팎까지 오르는 데 그쳐서 긴 소매 차림이 더 어울리겠습니다 오늘 구름 사이로 볕이 강하게 내리쬡니다 한동안 걱정 없었던 자외선이 오늘은 전국 대부분 지역에서 매우 높음 단계까지 치솟겠고요 그래도 깨끗한 동쪽 바람이 계속해서 불어오면서 먼지 걱정은 없습니다 전국의 미세먼지 농도 종일 좋음 단계를 유지하겠습니다 오늘 대체로 구름만 다소 지나면서 활동하기 좋겠지만 이들 지역은 우산을 챙기셔야겠습니다 동풍의 영향을 받는 동해안 지역과 제주도는 종일 비가 오락가락할 텐데요 비의 양 자체가 많지는 않지만 바람이 무척 강하게 불고 있습니다 시설물 피해 없도록 조심하시기 바랍니다 현재 기온 살펴보면 서울 도 춘천 도 대구도 도를 가리키고 있습니다 오늘 낮기온 서울 도 전구와 광주 도로 서쪽지역은 다소 덥겠습니다 장마전선이 차차 북상하면서 일요일 오후에 제주도를 시작으로 장맛비가 내리겠고요 월요일에는 전국으로 확대되겠습니다 지금까지 날씨 전해드렸습니다 김하윤 기상캐스터 기사문의 및 제보 카톡 라인 네이버 채널 구독 생방송 시청 대한민국 뉴스의 시작 앱 다운받기"
"132"," 김지연 기자 향기 좋은 헤어 브랜드 딥셍떼 는 금일 일 지마켓에서 슈퍼딜 이벤트를 진행한다고 밝혔다 이번 행사는 하루 동안 진행되며 샴푸 트리트먼트 헤어에센스 등 딥셍떼의 전 제품을 최대 할인된 가격에 판매한다 제품 구매 수량과 상관 없이 구매자 전원에게 무료로 배송하며 향기 좋은 퍼퓸샴푸 종을 직접 체험해볼 수 있는 딥셍떼 샴푸 샘플 파우치를 증정한다 개 구매 시 본품 개를 추가로 제공하는 이벤트도 진행해 실속 쇼핑이 가능하다 딥셍떼는 식물추출물 종이 함유돼 지친 모발에 풍부한 영양을 공급 실크 같은 부드러운 감촉을 선사한다 샴푸의 경우 자연유래 계면활성제를 함유한 의 약산성으로 두피에 자극 없이 순하게 사용할 수 있다 특히 향수보다 더 은은하고 오래가는 잔향이 강점으로 헤어 제품만으로도 향기케어가 가능한 것이 특징이다 현재 플로럴향의 마이프린세스 머스크계열의 데이나이트 프리지아 꽃향기의 프레쉬포텐 달달한 코코넛향의 코코넛슈가 파우더리한 쁘띠파우더 진한 라벤더향의 라벤더가든 총 가지 향기의 헤어 아이템을 선보이고 있다 관계자는 향수에 버금가는 깊고 진한 향기를 선사하는 딥셍떼를 직접 체험해볼 수 있는 기회를 제공하고자 지마켓과 손잡고 이번 슈퍼딜 행사를 기획한 것 이라며 고객들이 다양한 제품을 부담 없이 경험해볼 수 있도록 다양한 할인 혜택과 증정 이벤트를 마련한 만큼 많은 관심을 바란다 고 전했다 행사에 대한 보다 자세한 사항은 지마켓 홈페이지 내 슈퍼딜 기획전을 통해 확인 가능하다 아이돌 팬이라면 네이버 공식 페이스북 트위터 이슈퀸 무단 전재 및 재배포 금지"
"133"," 지난 일 비 내리는 서울 경복궁 자료사진 서울 이영재 기자 다음 주 일 는 대체로 구름 낀 날이 많겠고 일부 지역에는 비가 오겠다 일 기상청에 따르면 화요일인 일 서울 경기도 강원도 등에는 장마전선의 영향으로 비가 내리겠다 이들 지역의 강수량은 평년 보다 조금 많을 것으로 예보됐다 일을 제외한 나머지 날은 대체로 고기압 가장자리에 들어 구름이 많이 끼겠다 기온은 평년 최저기온 도 최고기온 도 과 비슷하거나 조금 높겠다 기상청은 장마전선은 일 이후 일시적으로 북한 지방으로 북상하겠으나 제 호 태풍 마리아 의 이동 경로에 따라 장마전선 위치가 달라질 수 있으니 앞으로 발표되는 기상 정보를 참고하기 바란다 고 당부했다 다음은 주요 지역 다음 주 예상 최저 최고기온 러시아 월드컵의 모든 것 뉴스가 보여요 유튜브 기사제보 및 문의 "
"134"," 서울 신선미 기자 국립어린이과학관이 여름방학을 맞아 초등학생이 즐길 수 있는 다양한 교육 프로그램을 마련했다 여름방학 기간 서울 종로구 어린이과학관을 찾으면 간단한 실험을 통해 과학 원리를 배우고 차원 프린터로 물건을 만들어 볼 수 있다 초등학교 학년은 과학교실 에 참여할 수 있다 자외선에 대해 배우고 차가운 슬러시를 만들어 보는 등 여름 을 주제로 한 강연과 체험이 진행된다 초등학교 학년 대상으로는 어린이 과학수사대 프로그램이 진행된다 과학수사의 역사와 의미를 소개하고 과학수사 기법을 알려준다 가상 범죄 현장에서 직접 수사에 나서볼 수도 있다 소프트웨어 공학교실 도 열린다 프린터로 조명을 만들고 드론을 날리는 교육 과정이 각각 준비됐다 가상현실 기술에 대해 배우고 장비 사용법을 익혀 실제 콘텐츠를 제작해보는 교육 과정도 있다 예약은 오는 일 오후 시부터 과학관 홈페이지 에서 선착순으로 받는다 각 과정은 일간 진행되며 교육비는 과정별 만 천원이다 어린이 과학교실 국립어린이과학관 홈페이지 화면 캡처 한편 어린이과학관은 여름 방학 기간 세 유아 및 초등학생을 대상으로 종이 전자회로나 풍선 자동차 등을 만드는 창작교실 도 운영한다 과정별 교육 기간과 시간 등 자세한 내용은 홈페이지에서 볼 수 있다 러시아 월드컵의 모든 것 뉴스가 보여요 유튜브 기사제보 및 문의 "
"135"," 최인철 서울대 심리학과 교수가 년만에 쓴 행복론최인철 교수의 굿라이프 표지 서울 뉴스 이영섭 기자 저자 최인철 서울대 심리학과 교수이자 행복연구센터장은 이 책에서 행복에 관한 오해를 풀기 위해 애를 쓴다 행복을 특별한 감정으로 보거나 성공을 포기해야 찾는 것 등으로 이해되는 오해와 염려를 다루고 있다 저자는 행복에 관해 책이면서 제목을 굿라이프로 한 것에 대해 행복을 순간의 기분으로만 이해되는 경향성을 바로잡기 위해서 라고 말한다 그러면 행복은 어떻게 얻나 행복은 순간의 행복 이상인 삶의 행복 이라고 정의한다 이런 의미에서 행복은 기분과 함께 삶의 의미와 목적 그리고 삶을 향한 품격 있는 자세와 태도까지 포함한다 이런 의미에서 이책의 부는 행복의 오해를 푸는데 중점을 두고 부에선 의미있는 삶을 설명한다 마지막 부에선 어떻게 품격있는 삶을 얻을까를 논한다 책 목차를 살펴보면 구체적으로 어떻게 행복해질까 라는 질문에 답을 제시하는 듯하다 Δ행복이라는 이름이 문제다 Δ행복의 우연성을 허하라 Δ잘하는 일보다 좋아하는 일을 한다 Δ비교하지 않는다 등등 목차가 행복의 기술들로 보인다 굿 라이프 내 삶을 바꾸는 심리학의 지혜 최인철 지음 세기 북스 만 원 뉴스 채널설정하기 제보하기 러시아 월드컵 기사보기 뉴스 코리아 무단 전재 및 재배포 금지 "
"136"," 벨기에 선수들이 일 한국시간 러시아 카잔의 카잔 아레나에서 열린 브라질과의 러시아 월드컵 강전에서 득점 후 기뻐하는 모습 사진 뉴스 남미축구가 유럽 벽에 막혀 결국 모두 짐을 쌌다 일 러시아월드컵 강전에서 남미축구의 마지막 자존심인 브라질과 우루과이가 각각 유럽의 벨기에와 프랑스에 무릎을 꿇었다 월드컵 전 독일 피파 랭킹 위 과 함께 강력한 우승후보로 꼽힌 브라질 랭킹 위 은 랭킹 위 벨기에에 로 졌다 브라질은 일 오전 시 한국시간 러시아 카잔의 카잔 아레나에서 벌어진 벨기에와의 강전에서 자책골과 벨기에의 케빈 더 브라위너 맨체스터 시티 쐐기골에 무너졌다 브라질에 앞서 우루과이는 아트사커 프랑스에 로 완패했다 우루과이는 일 밤 시 한국시간 러시아 니즈니노브고로드 스타디움에서 열린 프랑스와의 강전에서 라파엘 바란 레알 마드리드 앙투안 그리즈만 아틀레티코 마드리드 의 연속골을 앞세운 프랑스에 완패했다 우루과이는 공격수 에딘손 카바니 파리 생제르맹 의 부상 공백이 컸다 카바니는 이번 대회에서 골을 터뜨리며 우루과이 선수 중 가장 많은 골을 기록했지만 포르투갈과의 강전에서 다치며 프랑스전에 결장했다 이로써 러시아월드컵은 강 잔여 경기를 남겨놓은 현재 유럽 팀만 남게 됐다 강 진출팀 중 프랑스와 벨기에가 가장 먼저 강에 오른 가운데 스웨덴 잉글랜드 일 밤 시 러시아 크로아티아 일 오전 시 가 강전을 치른다 박정웅 기자 머니 페이스북 최신 웹툰이 매일 공짜 "
"137"," 아침 최저 도 낮 최고 도제 호 태풍 쁘라삐룬 이 물러난 지난 일 오후 서울 북악스카이웨이에서 바라본 서울 도심이 시원하게 트여있다 뉴스 구윤성 기자 서울 뉴스 윤다정 기자 일요일인 일에는 전국에 구름이 많은 가운데 동해안과 제주도 등 일부 지역에는 비가 오는 곳이 있겠다 기상청은 이날 동해북부해상에 위치한 고기압의 가장자리에 들어 전국에 가끔 구름이 많고 제주도는 장마전선의 영향으로 오후에 비가 오는 곳이 있겠다고 일 예보했다 예상 강수량은 동해안과 울릉도 독도 제주도에서 내외다 아침 최저기온은 도 낮 최고기온은 도로 전날과 비슷하거나 조금 낮겠다 당분간 북동쪽에서 찬 공기가 유입되면서 평년보다 조금 낮은 기온분포를 보이겠다 지역별 아침 최저기온은 서울 도 춘천 도 대전 도 대구 도 부산 도 전주 도 광주 도 낮 최고기온은 서울 도 춘천 도 대전 도 대구 도 부산 도 전주 도 광주 도다 바다의 물결은 서해 앞바다에서 남해 앞바다에서 동해 앞바다에서 서해 먼바다에서 최고 남해와 동해 먼바다에서 최고 로 높게 일겠다 동해상과 일부 남해앞바다를 제외한 남해상 제주도 전해상에 풍랑특보가 발효 중인 가운데 일까지 바람이 강하게 불고 물결이 매우 높게 일겠으니 항해나 조업하는 선박은 각별히 유의해야 한다 또한 동해안에는 너울로 인한 높은 물결이 해안도로나 방파제를 넘는 곳이 있겠으니 안전사고에 유의해야 한다 국립환경과학원에 따르면 미세먼지 농도는 대기확산이 원활해 전 권역이 좋음 수준으로 예상된다 오존 농도는 전 권역의 농도가 보통 수준이었던 전날 일 보다 높을 것으로 예상된다 제 호 태풍 마리아 는 오전 시 현재 매우 강한 중형 태풍으로 괌 북서쪽 약 부근 해상에서 시속 속도로 북서진하고 있으며 일 오전 시쯤 일본 오키나와 동남동쪽 약 부근 해상까지 진출할 것으로 예상된다 뉴스 채널설정하기 제보하기 러시아 월드컵 기사보기 뉴스 코리아 무단 전재 및 재배포 금지 "
"138"," 사진 방송화면 헤럴드경제 스타 컬처팀 최민호 기자 본격적인 더위가 시작된다는 절기 소서 小暑 하지만 소서인 오늘 일 전국적으로 평년보다 낮은 기온을 보일 전망이다 기상청에 따르면 일 낮 최고기온은 도로 평년 도 과 비슷하거나 약간 낮을 예정이다 당분간 북동쪽에서 찬 공기가 유입되며 기온 분포가 평년보다 낮을 것이란 예보다 대기 확산이 원활해 미세먼지 농도 역시 전국 모든 지역에서 좋음 을 나타낼 것으로 보인다 더위가 심하지 않고 미세먼지 역시 심하지 않으니 나들이하기 좋은 날씨다 주말 이후에는 비 소식이 있다 일부터 다시 장맛비가 내리기 시작해 월요일에는 전국적으로 확대될 것으로 보인다 또한 점차 세를 키우고 있는 호 태풍 마리아가 현재 북상 중이다 중형태풍으로 격상된 마리아는 일경 중국 상하이 남동부 부근까지 다가설 것으로 전망된다 예상 진로는 괌에서 일본 오키나와를 거쳐 중국 상하이로 향하는 경로며 현재까진 국내에 영향을 줄 가능성은 적다 내삶의모든리뷰 헤럴드 리얼라이프 리얼라이프 카카오플러스 친구맺기 타파스 페이스북 친구맺기 헤럴드경제 무단 전재 및 재배포 금지 "
"139"," 주말인 오늘은 절기 소서 입니다 본격적인 더위가 시작된다고 하는데요 서쪽 지방은 이맘 때 초여름 더위가 이어지겠지만 동쪽 지방은 동풍이 불면서 오늘 낮 동안에도 선선하겠습니다 쾌적한 동풍 덕분에 종일 공기도 깨끗해 활동하기 좋겠습니다 내일부터는 장마전선이 북상합니다 내일 오후 제주도를 시작으로 월요일인 모레는 영남을 제외한 전국에 장맛비가 내리겠습니다 이번에도 국지성 호우가 예상되니까요 피해 없도록 주말 동안 주변 점검 잘 해주시기 바랍니다 동해안과 제주도는 오전까지 안팎의 비가 조금 더 오겠고요 오늘 전국이 대체로 맑겠습니다 낮 기온 동쪽 지방은 더위가 주춤하겠습니다 강릉이 도 대구 도가 예상되고 서울은 도 전주와 광주 도까지 올라서 서쪽 지방은 덥겠습니다 현재 태풍 마리아 는 매우 강한 중형 세력을 유지한 채 괌 북서쪽 해상에서 북서진 하고 있습니다 지금 진로대로라면 점차 중국 상하이 쪽으로 향할 것으로 보이는데요 우리나라에 영향을 줄 가능성은 적지만 향후 진로가 매우 유동적인 만큼 계속해서 기상정보를 확인하시는 게 좋겠습니다 날씨정보였습니다 시간 실시간 뉴스 생방송 보기 러시아 월드컵 기사모음 저작권자 무단전재 및 재배포 금지 "
"140"," 날씨 주말 가끔 구름 많음 제주 동해안 비 저작권자 무단복제 재배포 금지 강 빅매치 베스트골 가장 빨리 보는 법 보다 리얼 한 색다른 뉴스 "
"141"," 지각대장 샘이루리 글 주앙바즈 드 카르발류 그림 북극곰 펴냄 서울경제 샘 이기픈 무른 마르지 안나니는 교사다 매일같이 학교 가는 길에 이상한 일 이 생겨 지각하는 샘에게 아이들은 무표정한 얼굴로 선생님 또 지각이에요 라고 말한다 샘은 자초지종을 설명하지만 아이들은 선생님의 말을 들으려 하지 않는다 그린 이는 년 포르투갈에서 태어난 화가 주앙 바즈 드 카르발류이다 년부터 자신의 작품을 선보였고 지금은 리스본 현대미술관과 함께 작업하고 있다 년 포르투갈 국제어린이 일러스트레이션 대상을 시작으로 년 년 세르비아 벨그레이드 어워드에서 황금펜상 년 독일 뮌헨 국제청소년도서 화이트 레이븐 상 등을 수상했다 카르발류의 책 아빠 아빠 재미있는 이야기 해주세요 가 지난 년 국내 출간돼 사랑받았다 이번 책은 독특하게도 한국의 그림책 작가 이루리가 글을 쓰고 카르발류가 그림을 그린 협업작이다 이루리 작가는 까만 코다 와 북극곰 코다 호 등의 그림책을 출간했고 이들이 개 국가로 수출됐다 이를 계기로 카르발류가 이루리 작가에게 함께 작업하고 싶다는 뜻을 전달해 이 책이 탄생했다 이 작가는 이 책을 통해 지각하는 선생님 호기심 많은 선생님 상상하는 선생님을 위로하고 싶다 면서 세상 모든 사람들이 서로의 다름을 인정하고 존중해 아름답고 평화로운 세상이 되길 바라는 마음을 담았다 고 소개했다 만 원 조상인기자 서울경제 바로가기 이제 주식시세도 서울경제에서 확인하세요 바로가기 블록체인의 모든 것 서울경제 바로가기 저작권자 서울경제 무단 전재 및 재배포 금지 "
"142"," 사진 헤럴드경제 스타 컬처팀 최민호 기자 브라질이 벨기에에 패하며 월드컵 일정을 마무리했다 브라질과 벨기에는 일 이하 한국시간 러시아의 카잔 아레나에서 국제축구연맹 러시아 월드컵 강전을 치렀다 이날 경기에서 벨기에는 브라질에 대 승리를 거두며 강에 진출했다 앞서 강력한 우승 후보로 손꼽히던 아르헨티나와 포르투갈이 강에서 탈락의 고배를 마셨다 아르헨티나와 포르투갈은 각각 프랑스와 우루과이에 패하며 월드컵 일정을 마무리했다 우루과이 역시 강전에서 패하며 이번 월드컵을 끝맺었다 이로써 남미 팀들 모두 짐을 싸게 되고 강전부터는 유럽 팀들이 맞붙는다 브라질을 꺾은 벨기에는 오는 일 오전 시 프랑스와 결승행 티켓을 두고 대결을 펼친다 내삶의모든리뷰 헤럴드 리얼라이프 리얼라이프 카카오플러스 친구맺기 타파스 페이스북 친구맺기 헤럴드경제 무단 전재 및 재배포 금지 "
"143"," 서울경제 월의 첫 주말인 토요일 일 인 오늘은 여름 무더위가 시작된다는 소서 小暑 다 일은 고기압의 가장자리에 들어 전국에 구름이 많은 가운데 동해안과 제주도는 안팎의 약한 비가 오는 곳이 있겠다 전국 기온은 서울 도 인천 도 수원 도 춘천 도 강릉 도 청주 도 대전 도 전주 도 광주 도 제주 도 대구 도 부산 도 울산 도 창원 도 등이다 낮 최고기온은 도로 예보돼 평년과 비슷하거나 약간 낮겠다 기상청은 당분간 북동쪽에서 찬 공기가 유입돼 평년보다 기온 분포가 낮을 것으로 내다봤다 또한 대기 확산이 원활해 미세먼지 농도는 전국 모든 지역에서 좋음 수준을 나타낼 것으로 보인다 한편 제 호 태풍 마리아 가 소형에서 중형으로 몸집을 키운 채 일본과 중국을 향해 북상 중이다 기상청에 따르면 태풍 마리아는 일 오후 시 괌 북서쪽 약 해상에서 북서쪽을 향해 가고 있다 이동속도는 중심기압은 이며 최대 풍속은 시속 다 태풍 마리아는 오는 일 일본 오키나와 동남동쪽 약 부근 해상에 도달할 것으로 보인다 이후 중국 상하이 남동쪽 약 부근 해상에 다다를 것으로 관측된다 정가람기자 서울경제 바로가기 이제 주식시세도 서울경제에서 확인하세요 바로가기 블록체인의 모든 것 서울경제 바로가기 저작권자 서울경제 무단 전재 및 재배포 금지 "
